site_a,site_b,site_c,site_d,site_e,site_f,site_g,site_h,site_i,site_j,variant_id,antigen,nlog10_Kd
G,G,G,G,G,G,G,G,G,G,var_wt,mock_antigen,9.059377821334953
G,G,G,G,G,G,G,G,G,M,var_j,mock_antigen,9.152177622540114
G,G,G,G,G,G,G,G,M,G,var_i,mock_antigen,9.86533113806712
G,G,G,G,G,G,G,G,M,M,var_i_j,mock_antigen,10.028709690761382
G,G,G,G,G,G,G,M,G,G,var_h,mock_antigen,8.361368960247512
G,G,G,G,G,G,G,M,G,M,var_h_j,mock_antigen,8.749366113472755
G,G,G,G,G,G,G,M,M,G,var_h_i,mock_antigen,9.653073126722415
G,G,G,G,G,G,G,M,M,M,var_h_i_j,mock_antigen,9.458534838153286
G,G,G,G,G,G,M,G,G,G,var_g,mock_antigen,9.695189784288772
G,G,G,G,G,G,M,G,G,M,var_g_j,mock_antigen,9.64053933969597
G,G,G,G,G,G,M,G,M,G,var_g_i,mock_antigen,11.123579272654448
G,G,G,G,G,G,M,G,M,M,var_g_i_j,mock_antigen,10.697255381168457
G,G,G,G,G,G,M,M,G,G,var_g_h,mock_antigen,9.200157777689588
G,G,G,G,G,G,M,M,G,M,var_g_h_j,mock_antigen,8.514277683257578
G,G,G,G,G,G,M,M,M,G,var_g_h_i,mock_antigen,10.319912360220625
G,G,G,G,G,G,M,M,M,M,var_g_h_i_j,mock_antigen,10.2294573452641
G,G,G,G,G,M,G,G,G,G,var_f,mock_antigen,9.955691366589773
G,G,G,G,G,M,G,G,G,M,var_f_j,mock_antigen,9.726949875666142
G,G,G,G,G,M,G,G,M,G,var_f_i,mock_antigen,10.851772842907138
G,G,G,G,G,M,G,G,M,M,var_f_i_j,mock_antigen,11.234075755351538
G,G,G,G,G,M,G,M,G,G,var_f_h,mock_antigen,9.633922880824832
G,G,G,G,G,M,G,M,G,M,var_f_h_j,mock_antigen,9.630765114028168
G,G,G,G,G,M,G,M,M,G,var_f_h_i,mock_antigen,10.292002027515009
G,G,G,G,G,M,G,M,M,M,var_f_h_i_j,mock_antigen,10.65274368566316
G,G,G,G,G,M,M,G,G,G,var_f_g,mock_antigen,10.866460864542221
G,G,G,G,G,M,M,G,G,M,var_f_g_j,mock_antigen,10.819624742648095
G,G,G,G,G,M,M,G,M,G,var_f_g_i,mock_antigen,12.195050301540277
G,G,G,G,G,M,M,G,M,M,var_f_g_i_j,mock_antigen,11.249193413712543
G,G,G,G,G,M,M,M,G,G,var_f_g_h,mock_antigen,10.513004603883608
G,G,G,G,G,M,M,M,G,M,var_f_g_h_j,mock_antigen,9.973439458940893
G,G,G,G,G,M,M,M,M,G,var_f_g_h_i,mock_antigen,11.132222544161692
G,G,G,G,G,M,M,M,M,M,var_f_g_h_i_j,mock_antigen,11.379165725200407
G,G,G,G,M,G,G,G,G,G,var_e,mock_antigen,9.817797082363038
G,G,G,G,M,G,G,G,G,M,var_e_j,mock_antigen,9.299996952504257
G,G,G,G,M,G,G,G,M,G,var_e_i,mock_antigen,9.882729919806307
G,G,G,G,M,G,G,G,M,M,var_e_i_j,mock_antigen,10.104452362740895
G,G,G,G,M,G,G,M,G,G,var_e_h,mock_antigen,9.766723229384343
G,G,G,G,M,G,G,M,G,M,var_e_h_j,mock_antigen,8.770482142459405
G,G,G,G,M,G,G,M,M,G,var_e_h_i,mock_antigen,9.86448825267302
G,G,G,G,M,G,G,M,M,M,var_e_h_i_j,mock_antigen,10.071363445418987
G,G,G,G,M,G,M,G,G,G,var_e_g,mock_antigen,10.014542319173122
G,G,G,G,M,G,M,G,G,M,var_e_g_j,mock_antigen,10.632611164495284
G,G,G,G,M,G,M,G,M,G,var_e_g_i,mock_antigen,10.943030242551965
G,G,G,G,M,G,M,G,M,M,var_e_g_i_j,mock_antigen,10.451504836637715
G,G,G,G,M,G,M,M,G,G,var_e_g_h,mock_antigen,10.250154289470006
G,G,G,G,M,G,M,M,G,M,var_e_g_h_j,mock_antigen,9.801531084331744
G,G,G,G,M,G,M,M,M,G,var_e_g_h_i,mock_antigen,11.10421550279137
G,G,G,G,M,G,M,M,M,M,var_e_g_h_i_j,mock_antigen,10.75002133004969
G,G,G,G,M,M,G,G,G,G,var_e_f,mock_antigen,10.603793023119767
G,G,G,G,M,M,G,G,G,M,var_e_f_j,mock_antigen,10.695563902690283
G,G,G,G,M,M,G,G,M,G,var_e_f_i,mock_antigen,10.778959387216654
G,G,G,G,M,M,G,G,M,M,var_e_f_i_j,mock_antigen,11.40733095236085
G,G,G,G,M,M,G,M,G,G,var_e_f_h,mock_antigen,9.854590620343844
G,G,G,G,M,M,G,M,G,M,var_e_f_h_j,mock_antigen,10.296337363172013
G,G,G,G,M,M,G,M,M,G,var_e_f_h_i,mock_antigen,10.36268159573657
G,G,G,G,M,M,G,M,M,M,var_e_f_h_i_j,mock_antigen,10.69813559151597
G,G,G,G,M,M,M,G,G,G,var_e_f_g,mock_antigen,10.772243255908403
G,G,G,G,M,M,M,G,G,M,var_e_f_g_j,mock_antigen,10.858930900590288
G,G,G,G,M,M,M,G,M,G,var_e_f_g_i,mock_antigen,11.099537603319678
G,G,G,G,M,M,M,G,M,M,var_e_f_g_i_j,mock_antigen,11.397515560162237
G,G,G,G,M,M,M,M,G,G,var_e_f_g_h,mock_antigen,10.388894132885534
G,G,G,G,M,M,M,M,G,M,var_e_f_g_h_j,mock_antigen,10.571174403904564
G,G,G,G,M,M,M,M,M,G,var_e_f_g_h_i,mock_antigen,11.166175014625017
G,G,G,G,M,M,M,M,M,M,var_e_f_g_h_i_j,mock_antigen,11.234522333920609
G,G,G,M,G,G,G,G,G,G,var_d,mock_antigen,9.361555201169145
G,G,G,M,G,G,G,G,G,M,var_d_j,mock_antigen,8.594562583348727
G,G,G,M,G,G,G,G,M,G,var_d_i,mock_antigen,10.995805442552134
G,G,G,M,G,G,G,G,M,M,var_d_i_j,mock_antigen,9.334462053878283
G,G,G,M,G,G,G,M,G,G,var_d_h,mock_antigen,9.04352701249697
G,G,G,M,G,G,G,M,G,M,var_d_h_j,mock_antigen,8.190578173396775
G,G,G,M,G,G,G,M,M,G,var_d_h_i,mock_antigen,10.53860778668374
G,G,G,M,G,G,G,M,M,M,var_d_h_i_j,mock_antigen,9.643890353987258
G,G,G,M,G,G,M,G,G,G,var_d_g,mock_antigen,10.947920511246082
G,G,G,M,G,G,M,G,G,M,var_d_g_j,mock_antigen,9.873777527031322
G,G,G,M,G,G,M,G,M,G,var_d_g_i,mock_antigen,12.552445524305933
G,G,G,M,G,G,M,G,M,M,var_d_g_i_j,mock_antigen,11.600167617611206
G,G,G,M,G,G,M,M,G,G,var_d_g_h,mock_antigen,10.516956944576105
G,G,G,M,G,G,M,M,G,M,var_d_g_h_j,mock_antigen,9.575545668476837
G,G,G,M,G,G,M,M,M,G,var_d_g_h_i,mock_antigen,11.271201235554516
G,G,G,M,G,G,M,M,M,M,var_d_g_h_i_j,mock_antigen,11.039441798032973
G,G,G,M,G,M,G,G,G,G,var_d_f,mock_antigen,10.486495460375437
G,G,G,M,G,M,G,G,G,M,var_d_f_j,mock_antigen,9.876072422084917
G,G,G,M,G,M,G,G,M,G,var_d_f_i,mock_antigen,12.218658900338921
G,G,G,M,G,M,G,G,M,M,var_d_f_i_j,mock_antigen,10.553700083162163
G,G,G,M,G,M,G,M,G,G,var_d_f_h,mock_antigen,9.896851213032383
G,G,G,M,G,M,G,M,G,M,var_d_f_h_j,mock_antigen,9.61353099154827
G,G,G,M,G,M,G,M,M,G,var_d_f_h_i,mock_antigen,11.1359411424503
G,G,G,M,G,M,G,M,M,M,var_d_f_h_i_j,mock_antigen,10.7982289686011
G,G,G,M,G,M,M,G,G,G,var_d_f_g,mock_antigen,11.682567904968131
G,G,G,M,G,M,M,G,G,M,var_d_f_g_j,mock_antigen,10.859508747553962
G,G,G,M,G,M,M,G,M,G,var_d_f_g_i,mock_antigen,12.859078328748442
G,G,G,M,G,M,M,G,M,M,var_d_f_g_i_j,mock_antigen,12.19835171341168
G,G,G,M,G,M,M,M,G,G,var_d_f_g_h,mock_antigen,11.128186786557787
G,G,G,M,G,M,M,M,G,M,var_d_f_g_h_j,mock_antigen,10.575371623629115
G,G,G,M,G,M,M,M,M,G,var_d_f_g_h_i,mock_antigen,12.382183597484682
G,G,G,M,G,M,M,M,M,M,var_d_f_g_h_i_j,mock_antigen,12.081351237125604
G,G,G,M,M,G,G,G,G,G,var_d_e,mock_antigen,9.877023660524568
G,G,G,M,M,G,G,G,G,M,var_d_e_j,mock_antigen,9.647546734576594
G,G,G,M,M,G,G,G,M,G,var_d_e_i,mock_antigen,11.21257569158781
G,G,G,M,M,G,G,G,M,M,var_d_e_i_j,mock_antigen,10.394150202860487
G,G,G,M,M,G,G,M,G,G,var_d_e_h,mock_antigen,9.865232931331223
G,G,G,M,M,G,G,M,G,M,var_d_e_h_j,mock_antigen,9.184274142575951
G,G,G,M,M,G,G,M,M,G,var_d_e_h_i,mock_antigen,10.257989541946426
G,G,G,M,M,G,G,M,M,M,var_d_e_h_i_j,mock_antigen,10.661291419647721
G,G,G,M,M,G,M,G,G,G,var_d_e_g,mock_antigen,10.79412056528452
G,G,G,M,M,G,M,G,G,M,var_d_e_g_j,mock_antigen,10.41729200475896
G,G,G,M,M,G,M,G,M,G,var_d_e_g_i,mock_antigen,11.57492142866866
G,G,G,M,M,G,M,G,M,M,var_d_e_g_i_j,mock_antigen,11.011960698945147
G,G,G,M,M,G,M,M,G,G,var_d_e_g_h,mock_antigen,10.799728067640867
G,G,G,M,M,G,M,M,G,M,var_d_e_g_h_j,mock_antigen,10.70432049251792
G,G,G,M,M,G,M,M,M,G,var_d_e_g_h_i,mock_antigen,12.1518483161451
G,G,G,M,M,G,M,M,M,M,var_d_e_g_h_i_j,mock_antigen,11.340507107845458
G,G,G,M,M,M,G,G,G,G,var_d_e_f,mock_antigen,11.119439547196768
G,G,G,M,M,M,G,G,G,M,var_d_e_f_j,mock_antigen,10.049335352765215
G,G,G,M,M,M,G,G,M,G,var_d_e_f_i,mock_antigen,11.649087450396413
G,G,G,M,M,M,G,G,M,M,var_d_e_f_i_j,mock_antigen,10.752098910961504
G,G,G,M,M,M,G,M,G,G,var_d_e_f_h,mock_antigen,10.47585846510283
G,G,G,M,M,M,G,M,G,M,var_d_e_f_h_j,mock_antigen,10.283201609554597
G,G,G,M,M,M,G,M,M,G,var_d_e_f_h_i,mock_antigen,11.686497204234584
G,G,G,M,M,M,G,M,M,M,var_d_e_f_h_i_j,mock_antigen,11.484499574203875
G,G,G,M,M,M,M,G,G,G,var_d_e_f_g,mock_antigen,12.721436581724173
G,G,G,M,M,M,M,G,G,M,var_d_e_f_g_j,mock_antigen,11.732804111065
G,G,G,M,M,M,M,G,M,G,var_d_e_f_g_i,mock_antigen,12.92507480522088
G,G,G,M,M,M,M,G,M,M,var_d_e_f_g_i_j,mock_antigen,11.9102660692133
G,G,G,M,M,M,M,M,G,G,var_d_e_f_g_h,mock_antigen,11.872567491042428
G,G,G,M,M,M,M,M,G,M,var_d_e_f_g_h_j,mock_antigen,11.860864472995816
G,G,G,M,M,M,M,M,M,G,var_d_e_f_g_h_i,mock_antigen,12.58496952149641
G,G,G,M,M,M,M,M,M,M,var_d_e_f_g_h_i_j,mock_antigen,12.636682403627681
G,G,M,G,G,G,G,G,G,G,var_c,mock_antigen,9.876182911513148
G,G,M,G,G,G,G,G,G,M,var_c_j,mock_antigen,9.470071991481356
G,G,M,G,G,G,G,G,M,G,var_c_i,mock_antigen,10.732496968723968
G,G,M,G,G,G,G,G,M,M,var_c_i_j,mock_antigen,10.519667596164373
G,G,M,G,G,G,G,M,G,G,var_c_h,mock_antigen,9.23786025925401
G,G,M,G,G,G,G,M,G,M,var_c_h_j,mock_antigen,9.38693185066034
G,G,M,G,G,G,G,M,M,G,var_c_h_i,mock_antigen,10.346519363935068
G,G,M,G,G,G,G,M,M,M,var_c_h_i_j,mock_antigen,10.375216965848155
G,G,M,G,G,G,M,G,G,G,var_c_g,mock_antigen,10.85621585292715
G,G,M,G,G,G,M,G,G,M,var_c_g_j,mock_antigen,10.34233659529895
G,G,M,G,G,G,M,G,M,G,var_c_g_i,mock_antigen,11.64343895755898
G,G,M,G,G,G,M,G,M,M,var_c_g_i_j,mock_antigen,11.661847738147406
G,G,M,G,G,G,M,M,G,G,var_c_g_h,mock_antigen,10.181489607863563
G,G,M,G,G,G,M,M,G,M,var_c_g_h_j,mock_antigen,9.410883924833952
G,G,M,G,G,G,M,M,M,G,var_c_g_h_i,mock_antigen,11.120780455720302
G,G,M,G,G,G,M,M,M,M,var_c_g_h_i_j,mock_antigen,10.927371889885155
G,G,M,G,G,M,G,G,G,G,var_c_f,mock_antigen,10.812678633514498
G,G,M,G,G,M,G,G,G,M,var_c_f_j,mock_antigen,11.179228479877615
G,G,M,G,G,M,G,G,M,G,var_c_f_i,mock_antigen,11.773733752629456
G,G,M,G,G,M,G,G,M,M,var_c_f_i_j,mock_antigen,11.602262040613711
G,G,M,G,G,M,G,M,G,G,var_c_f_h,mock_antigen,9.976834150186559
G,G,M,G,G,M,G,M,G,M,var_c_f_h_j,mock_antigen,10.560524430109465
G,G,M,G,G,M,G,M,M,G,var_c_f_h_i,mock_antigen,11.400324051320702
G,G,M,G,G,M,G,M,M,M,var_c_f_h_i_j,mock_antigen,11.465660970168988
G,G,M,G,G,M,M,G,G,G,var_c_f_g,mock_antigen,11.492340158760806
G,G,M,G,G,M,M,G,G,M,var_c_f_g_j,mock_antigen,11.27653043462091
G,G,M,G,G,M,M,G,M,G,var_c_f_g_i,mock_antigen,12.911514464614697
G,G,M,G,G,M,M,G,M,M,var_c_f_g_i_j,mock_antigen,11.84604992574032
G,G,M,G,G,M,M,M,G,G,var_c_f_g_h,mock_antigen,11.036509121752477
G,G,M,G,G,M,M,M,G,M,var_c_f_g_h_j,mock_antigen,10.96570480744652
G,G,M,G,G,M,M,M,M,G,var_c_f_g_h_i,mock_antigen,12.223819235749135
G,G,M,G,G,M,M,M,M,M,var_c_f_g_h_i_j,mock_antigen,11.820522989719539
G,G,M,G,M,G,G,G,G,G,var_c_e,mock_antigen,9.749064054892672
G,G,M,G,M,G,G,G,G,M,var_c_e_j,mock_antigen,10.207310335169892
G,G,M,G,M,G,G,G,M,G,var_c_e_i,mock_antigen,10.951809543814985
G,G,M,G,M,G,G,G,M,M,var_c_e_i_j,mock_antigen,11.048352875576947
G,G,M,G,M,G,G,M,G,G,var_c_e_h,mock_antigen,9.72039711648533
G,G,M,G,M,G,G,M,G,M,var_c_e_h_j,mock_antigen,10.339809400684805
G,G,M,G,M,G,G,M,M,G,var_c_e_h_i,mock_antigen,10.990586028647625
G,G,M,G,M,G,G,M,M,M,var_c_e_h_i_j,mock_antigen,10.747241014794202
G,G,M,G,M,G,M,G,G,G,var_c_e_g,mock_antigen,10.744208722962652
G,G,M,G,M,G,M,G,G,M,var_c_e_g_j,mock_antigen,11.20564632207806
G,G,M,G,M,G,M,G,M,G,var_c_e_g_i,mock_antigen,11.954577694853148
G,G,M,G,M,G,M,G,M,M,var_c_e_g_i_j,mock_antigen,11.408373084556716
G,G,M,G,M,G,M,M,G,G,var_c_e_g_h,mock_antigen,10.423777647097145
G,G,M,G,M,G,M,M,G,M,var_c_e_g_h_j,mock_antigen,10.130468134606021
G,G,M,G,M,G,M,M,M,G,var_c_e_g_h_i,mock_antigen,12.070374827034884
G,G,M,G,M,G,M,M,M,M,var_c_e_g_h_i_j,mock_antigen,11.630121672507112
G,G,M,G,M,M,G,G,G,G,var_c_e_f,mock_antigen,10.71035890255584
G,G,M,G,M,M,G,G,G,M,var_c_e_f_j,mock_antigen,11.41732870737994
G,G,M,G,M,M,G,G,M,G,var_c_e_f_i,mock_antigen,12.108447595395031
G,G,M,G,M,M,G,G,M,M,var_c_e_f_i_j,mock_antigen,11.71724361646991
G,G,M,G,M,M,G,M,G,G,var_c_e_f_h,mock_antigen,10.79641418673362
G,G,M,G,M,M,G,M,G,M,var_c_e_f_h_j,mock_antigen,11.14329464240715
G,G,M,G,M,M,G,M,M,G,var_c_e_f_h_i,mock_antigen,10.75610034608332
G,G,M,G,M,M,G,M,M,M,var_c_e_f_h_i_j,mock_antigen,11.580491026574256
G,G,M,G,M,M,M,G,G,G,var_c_e_f_g,mock_antigen,11.813023839585053
G,G,M,G,M,M,M,G,G,M,var_c_e_f_g_j,mock_antigen,11.364974402791788
G,G,M,G,M,M,M,G,M,G,var_c_e_f_g_i,mock_antigen,12.580341826063933
G,G,M,G,M,M,M,G,M,M,var_c_e_f_g_i_j,mock_antigen,12.620609235210752
G,G,M,G,M,M,M,M,G,G,var_c_e_f_g_h,mock_antigen,11.71776642305125
G,G,M,G,M,M,M,M,G,M,var_c_e_f_g_h_j,mock_antigen,11.104765567350064
G,G,M,G,M,M,M,M,M,G,var_c_e_f_g_h_i,mock_antigen,12.938162558354865
G,G,M,G,M,M,M,M,M,M,var_c_e_f_g_h_i_j,mock_antigen,12.200098918322883
G,G,M,M,G,G,G,G,G,G,var_c_d,mock_antigen,9.650715062368867
G,G,M,M,G,G,G,G,G,M,var_c_d_j,mock_antigen,9.348917270570961
G,G,M,M,G,G,G,G,M,G,var_c_d_i,mock_antigen,11.163389731527161
G,G,M,M,G,G,G,G,M,M,var_c_d_i_j,mock_antigen,10.074368013171616
G,G,M,M,G,G,G,M,G,G,var_c_d_h,mock_antigen,9.369367222259363
G,G,M,M,G,G,G,M,G,M,var_c_d_h_j,mock_antigen,8.600847624283173
G,G,M,M,G,G,G,M,M,G,var_c_d_h_i,mock_antigen,11.045915515838939
G,G,M,M,G,G,G,M,M,M,var_c_d_h_i_j,mock_antigen,10.27871606788977
G,G,M,M,G,G,M,G,G,G,var_c_d_g,mock_antigen,11.021850260926522
G,G,M,M,G,G,M,G,G,M,var_c_d_g_j,mock_antigen,10.075107264248432
G,G,M,M,G,G,M,G,M,G,var_c_d_g_i,mock_antigen,12.61208865300644
G,G,M,M,G,G,M,G,M,M,var_c_d_g_i_j,mock_antigen,11.30710855000623
G,G,M,M,G,G,M,M,G,G,var_c_d_g_h,mock_antigen,10.397369051815874
G,G,M,M,G,G,M,M,G,M,var_c_d_g_h_j,mock_antigen,9.751160709452309
G,G,M,M,G,G,M,M,M,G,var_c_d_g_h_i,mock_antigen,12.59188321012252
G,G,M,M,G,G,M,M,M,M,var_c_d_g_h_i_j,mock_antigen,11.154183387558128
G,G,M,M,G,M,G,G,G,G,var_c_d_f,mock_antigen,10.970668786814196
G,G,M,M,G,M,G,G,G,M,var_c_d_f_j,mock_antigen,10.051511374555368
G,G,M,M,G,M,G,G,M,G,var_c_d_f_i,mock_antigen,12.142702388308464
G,G,M,M,G,M,G,G,M,M,var_c_d_f_i_j,mock_antigen,10.880937885853632
G,G,M,M,G,M,G,M,G,G,var_c_d_f_h,mock_antigen,9.962770534246344
G,G,M,M,G,M,G,M,G,M,var_c_d_f_h_j,mock_antigen,9.844468725289039
G,G,M,M,G,M,G,M,M,G,var_c_d_f_h_i,mock_antigen,11.910586514191301
G,G,M,M,G,M,G,M,M,M,var_c_d_f_h_i_j,mock_antigen,10.620716659895276
G,G,M,M,G,M,M,G,G,G,var_c_d_f_g,mock_antigen,12.30294844852479
G,G,M,M,G,M,M,G,G,M,var_c_d_f_g_j,mock_antigen,11.301830847384386
G,G,M,M,G,M,M,G,M,G,var_c_d_f_g_i,mock_antigen,100.0
G,G,M,M,G,M,M,G,M,M,var_c_d_f_g_i_j,mock_antigen,12.117004868370339
G,G,M,M,G,M,M,M,G,G,var_c_d_f_g_h,mock_antigen,11.339053536289109
G,G,M,M,G,M,M,M,G,M,var_c_d_f_g_h_j,mock_antigen,10.53169134522328
G,G,M,M,G,M,M,M,M,G,var_c_d_f_g_h_i,mock_antigen,100.0
G,G,M,M,G,M,M,M,M,M,var_c_d_f_g_h_i_j,mock_antigen,11.726380722237284
G,G,M,M,M,G,G,G,G,G,var_c_d_e,mock_antigen,9.977294049273354
G,G,M,M,M,G,G,G,G,M,var_c_d_e_j,mock_antigen,10.261882542803972
G,G,M,M,M,G,G,G,M,G,var_c_d_e_i,mock_antigen,10.872549105145346
G,G,M,M,M,G,G,G,M,M,var_c_d_e_i_j,mock_antigen,10.239407763724582
G,G,M,M,M,G,G,M,G,G,var_c_d_e_h,mock_antigen,9.746842528444198
G,G,M,M,M,G,G,M,G,M,var_c_d_e_h_j,mock_antigen,9.616148342688845
G,G,M,M,M,G,G,M,M,G,var_c_d_e_h_i,mock_antigen,10.853800434436303
G,G,M,M,M,G,G,M,M,M,var_c_d_e_h_i_j,mock_antigen,10.831510220426297
G,G,M,M,M,G,M,G,G,G,var_c_d_e_g,mock_antigen,11.415455440557658
G,G,M,M,M,G,M,G,G,M,var_c_d_e_g_j,mock_antigen,10.544448229318975
G,G,M,M,M,G,M,G,M,G,var_c_d_e_g_i,mock_antigen,12.891241521377014
G,G,M,M,M,G,M,G,M,M,var_c_d_e_g_i_j,mock_antigen,11.585535845162806
G,G,M,M,M,G,M,M,G,G,var_c_d_e_g_h,mock_antigen,11.724540680943047
G,G,M,M,M,G,M,M,G,M,var_c_d_e_g_h_j,mock_antigen,10.530164838105105
G,G,M,M,M,G,M,M,M,G,var_c_d_e_g_h_i,mock_antigen,100.0
G,G,M,M,M,G,M,M,M,M,var_c_d_e_g_h_i_j,mock_antigen,11.817095323017663
G,G,M,M,M,M,G,G,G,G,var_c_d_e_f,mock_antigen,11.061243429216647
G,G,M,M,M,M,G,G,G,M,var_c_d_e_f_j,mock_antigen,10.6024737300528
G,G,M,M,M,M,G,G,M,G,var_c_d_e_f_i,mock_antigen,11.827413790660422
G,G,M,M,M,M,G,G,M,M,var_c_d_e_f_i_j,mock_antigen,11.635166230406034
G,G,M,M,M,M,G,M,G,G,var_c_d_e_f_h,mock_antigen,10.503054392334807
G,G,M,M,M,M,G,M,G,M,var_c_d_e_f_h_j,mock_antigen,10.524433537915517
G,G,M,M,M,M,G,M,M,G,var_c_d_e_f_h_i,mock_antigen,12.233318715406941
G,G,M,M,M,M,G,M,M,M,var_c_d_e_f_h_i_j,mock_antigen,10.938142168098947
G,G,M,M,M,M,M,G,G,G,var_c_d_e_f_g,mock_antigen,12.505025882184619
G,G,M,M,M,M,M,G,G,M,var_c_d_e_f_g_j,mock_antigen,11.025778123761544
G,G,M,M,M,M,M,G,M,G,var_c_d_e_f_g_i,mock_antigen,100.0
G,G,M,M,M,M,M,G,M,M,var_c_d_e_f_g_i_j,mock_antigen,12.199013957014998
G,G,M,M,M,M,M,M,G,G,var_c_d_e_f_g_h,mock_antigen,11.760908113758708
G,G,M,M,M,M,M,M,G,M,var_c_d_e_f_g_h_j,mock_antigen,11.85908428001897
G,G,M,M,M,M,M,M,M,G,var_c_d_e_f_g_h_i,mock_antigen,100.0
G,G,M,M,M,M,M,M,M,M,var_c_d_e_f_g_h_i_j,mock_antigen,12.59415736665673
G,M,G,G,G,G,G,G,G,G,var_b,mock_antigen,1.0
G,M,G,G,G,G,G,G,G,M,var_b_j,mock_antigen,1.0
G,M,G,G,G,G,G,G,M,G,var_b_i,mock_antigen,8.269961192419029
G,M,G,G,G,G,G,G,M,M,var_b_i_j,mock_antigen,8.177130590749837
G,M,G,G,G,G,G,M,G,G,var_b_h,mock_antigen,1.0
G,M,G,G,G,G,G,M,G,M,var_b_h_j,mock_antigen,1.0
G,M,G,G,G,G,G,M,M,G,var_b_h_i,mock_antigen,1.0
G,M,G,G,G,G,G,M,M,M,var_b_h_i_j,mock_antigen,8.035920357410463
G,M,G,G,G,G,M,G,G,G,var_b_g,mock_antigen,8.563735680956633
G,M,G,G,G,G,M,G,G,M,var_b_g_j,mock_antigen,8.154190249586652
G,M,G,G,G,G,M,G,M,G,var_b_g_i,mock_antigen,9.229937621578486
G,M,G,G,G,G,M,G,M,M,var_b_g_i_j,mock_antigen,9.140574411931581
G,M,G,G,G,G,M,M,G,G,var_b_g_h,mock_antigen,8.216615286785288
G,M,G,G,G,G,M,M,G,M,var_b_g_h_j,mock_antigen,8.06628022252524
G,M,G,G,G,G,M,M,M,G,var_b_g_h_i,mock_antigen,9.466210103354216
G,M,G,G,G,G,M,M,M,M,var_b_g_h_i_j,mock_antigen,8.789769966670576
G,M,G,G,G,M,G,G,G,G,var_b_f,mock_antigen,1.0
G,M,G,G,G,M,G,G,G,M,var_b_f_j,mock_antigen,8.135453809345124
G,M,G,G,G,M,G,G,M,G,var_b_f_i,mock_antigen,8.790169790316805
G,M,G,G,G,M,G,G,M,M,var_b_f_i_j,mock_antigen,8.742658501992796
G,M,G,G,G,M,G,M,G,G,var_b_f_h,mock_antigen,1.0
G,M,G,G,G,M,G,M,G,M,var_b_f_h_j,mock_antigen,1.0
G,M,G,G,G,M,G,M,M,G,var_b_f_h_i,mock_antigen,8.124589737839027
G,M,G,G,G,M,G,M,M,M,var_b_f_h_i_j,mock_antigen,8.944444562944694
G,M,G,G,G,M,M,G,G,G,var_b_f_g,mock_antigen,9.48522023833718
G,M,G,G,G,M,M,G,G,M,var_b_f_g_j,mock_antigen,9.39763209750592
G,M,G,G,G,M,M,G,M,G,var_b_f_g_i,mock_antigen,10.144856281795935
G,M,G,G,G,M,M,G,M,M,var_b_f_g_i_j,mock_antigen,9.406838201618326
G,M,G,G,G,M,M,M,G,G,var_b_f_g_h,mock_antigen,9.330987587735995
G,M,G,G,G,M,M,M,G,M,var_b_f_g_h_j,mock_antigen,8.80616187705022
G,M,G,G,G,M,M,M,M,G,var_b_f_g_h_i,mock_antigen,9.602017901995593
G,M,G,G,G,M,M,M,M,M,var_b_f_g_h_i_j,mock_antigen,9.363626065371589
G,M,G,G,M,G,G,G,G,G,var_b_e,mock_antigen,8.364753398547546
G,M,G,G,M,G,G,G,G,M,var_b_e_j,mock_antigen,8.304221385343888
G,M,G,G,M,G,G,G,M,G,var_b_e_i,mock_antigen,8.957647947287546
G,M,G,G,M,G,G,G,M,M,var_b_e_i_j,mock_antigen,8.39199229187586
G,M,G,G,M,G,G,M,G,G,var_b_e_h,mock_antigen,1.0
G,M,G,G,M,G,G,M,G,M,var_b_e_h_j,mock_antigen,8.321871678197876
G,M,G,G,M,G,G,M,M,G,var_b_e_h_i,mock_antigen,8.861895726358325
G,M,G,G,M,G,G,M,M,M,var_b_e_h_i_j,mock_antigen,9.097940007669477
G,M,G,G,M,G,M,G,G,G,var_b_e_g,mock_antigen,8.846403265904897
G,M,G,G,M,G,M,G,G,M,var_b_e_g_j,mock_antigen,8.787656204218491
G,M,G,G,M,G,M,G,M,G,var_b_e_g_i,mock_antigen,9.152683235819937
G,M,G,G,M,G,M,G,M,M,var_b_e_g_i_j,mock_antigen,9.570841512608212
G,M,G,G,M,G,M,M,G,G,var_b_e_g_h,mock_antigen,8.315195699733993
G,M,G,G,M,G,M,M,G,M,var_b_e_g_h_j,mock_antigen,8.379448799088657
G,M,G,G,M,G,M,M,M,G,var_b_e_g_h_i,mock_antigen,9.89540597013307
G,M,G,G,M,G,M,M,M,M,var_b_e_g_h_i_j,mock_antigen,9.482669874238756
G,M,G,G,M,M,G,G,G,G,var_b_e_f,mock_antigen,8.697387884714685
G,M,G,G,M,M,G,G,G,M,var_b_e_f_j,mock_antigen,9.033571128884523
G,M,G,G,M,M,G,G,M,G,var_b_e_f_i,mock_antigen,9.359127943064152
G,M,G,G,M,M,G,G,M,M,var_b_e_f_i_j,mock_antigen,9.927730105740435
G,M,G,G,M,M,G,M,G,G,var_b_e_f_h,mock_antigen,8.414706158750846
G,M,G,G,M,M,G,M,G,M,var_b_e_f_h_j,mock_antigen,8.67316753233267
G,M,G,G,M,M,G,M,M,G,var_b_e_f_h_i,mock_antigen,9.476531087095056
G,M,G,G,M,M,G,M,M,M,var_b_e_f_h_i_j,mock_antigen,9.780708234585484
G,M,G,G,M,M,M,G,G,G,var_b_e_f_g,mock_antigen,9.758915972223255
G,M,G,G,M,M,M,G,G,M,var_b_e_f_g_j,mock_antigen,9.814970187265024
G,M,G,G,M,M,M,G,M,G,var_b_e_f_g_i,mock_antigen,11.419561035046815
G,M,G,G,M,M,M,G,M,M,var_b_e_f_g_i_j,mock_antigen,10.758259373296296
G,M,G,G,M,M,M,M,G,G,var_b_e_f_g_h,mock_antigen,9.819097773154207
G,M,G,G,M,M,M,M,G,M,var_b_e_f_g_h_j,mock_antigen,9.634966445571596
G,M,G,G,M,M,M,M,M,G,var_b_e_f_g_h_i,mock_antigen,10.290790904375422
G,M,G,G,M,M,M,M,M,M,var_b_e_f_g_h_i_j,mock_antigen,10.154404878703781
G,M,G,M,G,G,G,G,G,G,var_b_d,mock_antigen,1.0
G,M,G,M,G,G,G,G,G,M,var_b_d_j,mock_antigen,1.0
G,M,G,M,G,G,G,G,M,G,var_b_d_i,mock_antigen,9.196342741031868
G,M,G,M,G,G,G,G,M,M,var_b_d_i_j,mock_antigen,1.0
G,M,G,M,G,G,G,M,G,G,var_b_d_h,mock_antigen,1.0
G,M,G,M,G,G,G,M,G,M,var_b_d_h_j,mock_antigen,1.0
G,M,G,M,G,G,G,M,M,G,var_b_d_h_i,mock_antigen,8.412288770825352
G,M,G,M,G,G,G,M,M,M,var_b_d_h_i_j,mock_antigen,8.040837591173764
G,M,G,M,G,G,M,G,G,G,var_b_d_g,mock_antigen,9.36529557915927
G,M,G,M,G,G,M,G,G,M,var_b_d_g_j,mock_antigen,8.281862769659304
G,M,G,M,G,G,M,G,M,G,var_b_d_g_i,mock_antigen,10.980247683847942
G,M,G,M,G,G,M,G,M,M,var_b_d_g_i_j,mock_antigen,9.472248683990344
G,M,G,M,G,G,M,M,G,G,var_b_d_g_h,mock_antigen,8.8838287499085
G,M,G,M,G,G,M,M,G,M,var_b_d_g_h_j,mock_antigen,1.0
G,M,G,M,G,G,M,M,M,G,var_b_d_g_h_i,mock_antigen,10.920571106297055
G,M,G,M,G,G,M,M,M,M,var_b_d_g_h_i_j,mock_antigen,9.30400965113106
G,M,G,M,G,M,G,G,G,G,var_b_d_f,mock_antigen,8.60060019498761
G,M,G,M,G,M,G,G,G,M,var_b_d_f_j,mock_antigen,1.0
G,M,G,M,G,M,G,G,M,G,var_b_d_f_i,mock_antigen,10.160929412171438
G,M,G,M,G,M,G,G,M,M,var_b_d_f_i_j,mock_antigen,8.808118133648117
G,M,G,M,G,M,G,M,G,G,var_b_d_f_h,mock_antigen,8.249820894577793
G,M,G,M,G,M,G,M,G,M,var_b_d_f_h_j,mock_antigen,1.0
G,M,G,M,G,M,G,M,M,G,var_b_d_f_h_i,mock_antigen,9.720395034249867
G,M,G,M,G,M,G,M,M,M,var_b_d_f_h_i_j,mock_antigen,8.962087005092316
G,M,G,M,G,M,M,G,G,G,var_b_d_f_g,mock_antigen,10.036416337277405
G,M,G,M,G,M,M,G,G,M,var_b_d_f_g_j,mock_antigen,9.541476707073988
G,M,G,M,G,M,M,G,M,G,var_b_d_f_g_i,mock_antigen,11.521073734012344
G,M,G,M,G,M,M,G,M,M,var_b_d_f_g_i_j,mock_antigen,10.839368151116084
G,M,G,M,G,M,M,M,G,G,var_b_d_f_g_h,mock_antigen,10.430932822730515
G,M,G,M,G,M,M,M,G,M,var_b_d_f_g_h_j,mock_antigen,9.255423101969567
G,M,G,M,G,M,M,M,M,G,var_b_d_f_g_h_i,mock_antigen,11.239301154926013
G,M,G,M,G,M,M,M,M,M,var_b_d_f_g_h_i_j,mock_antigen,10.064394190015332
G,M,G,M,M,G,G,G,G,G,var_b_d_e,mock_antigen,9.035119211407483
G,M,G,M,M,G,G,G,G,M,var_b_d_e_j,mock_antigen,8.145840820084047
G,M,G,M,M,G,G,G,M,G,var_b_d_e_i,mock_antigen,9.34159923955448
G,M,G,M,M,G,G,G,M,M,var_b_d_e_i_j,mock_antigen,8.392416946475167
G,M,G,M,M,G,G,M,G,G,var_b_d_e_h,mock_antigen,8.835680817278208
G,M,G,M,M,G,G,M,G,M,var_b_d_e_h_j,mock_antigen,8.120213953482883
G,M,G,M,M,G,G,M,M,G,var_b_d_e_h_i,mock_antigen,9.43563267635613
G,M,G,M,M,G,G,M,M,M,var_b_d_e_h_i_j,mock_antigen,9.091492532859757
G,M,G,M,M,G,M,G,G,G,var_b_d_e_g,mock_antigen,9.806089861719977
G,M,G,M,M,G,M,G,G,M,var_b_d_e_g_j,mock_antigen,9.297783953681327
G,M,G,M,M,G,M,G,M,G,var_b_d_e_g_i,mock_antigen,10.143402433681343
G,M,G,M,M,G,M,G,M,M,var_b_d_e_g_i_j,mock_antigen,9.352233106338788
G,M,G,M,M,G,M,M,G,G,var_b_d_e_g_h,mock_antigen,9.868574497320227
G,M,G,M,M,G,M,M,G,M,var_b_d_e_g_h_j,mock_antigen,9.227112994133575
G,M,G,M,M,G,M,M,M,G,var_b_d_e_g_h_i,mock_antigen,10.771581135214442
G,M,G,M,M,G,M,M,M,M,var_b_d_e_g_h_i_j,mock_antigen,10.43073718515098
G,M,G,M,M,M,G,G,G,G,var_b_d_e_f,mock_antigen,9.17725873910632
G,M,G,M,M,M,G,G,G,M,var_b_d_e_f_j,mock_antigen,8.682965591704063
G,M,G,M,M,M,G,G,M,G,var_b_d_e_f_i,mock_antigen,10.030376124578932
G,M,G,M,M,M,G,G,M,M,var_b_d_e_f_i_j,mock_antigen,9.859717144072428
G,M,G,M,M,M,G,M,G,G,var_b_d_e_f_h,mock_antigen,8.91683763384937
G,M,G,M,M,M,G,M,G,M,var_b_d_e_f_h_j,mock_antigen,8.607287339810336
G,M,G,M,M,M,G,M,M,G,var_b_d_e_f_h_i,mock_antigen,10.754556105028655
G,M,G,M,M,M,G,M,M,M,var_b_d_e_f_h_i_j,mock_antigen,9.140324119501955
G,M,G,M,M,M,M,G,G,G,var_b_d_e_f_g,mock_antigen,10.358149786016476
G,M,G,M,M,M,M,G,G,M,var_b_d_e_f_g_j,mock_antigen,9.795731496152184
G,M,G,M,M,M,M,G,M,G,var_b_d_e_f_g_i,mock_antigen,10.88095553100858
G,M,G,M,M,M,M,G,M,M,var_b_d_e_f_g_i_j,mock_antigen,10.525991164095563
G,M,G,M,M,M,M,M,G,G,var_b_d_e_f_g_h,mock_antigen,10.877914331952079
G,M,G,M,M,M,M,M,G,M,var_b_d_e_f_g_h_j,mock_antigen,10.68461797442821
G,M,G,M,M,M,M,M,M,G,var_b_d_e_f_g_h_i,mock_antigen,11.356120457049434
G,M,G,M,M,M,M,M,M,M,var_b_d_e_f_g_h_i_j,mock_antigen,11.654413748103762
G,M,M,G,G,G,G,G,G,G,var_b_c,mock_antigen,8.508342215475027
G,M,M,G,G,G,G,G,G,M,var_b_c_j,mock_antigen,1.0
G,M,M,G,G,G,G,G,M,G,var_b_c_i,mock_antigen,9.034353174243408
G,M,M,G,G,G,G,G,M,M,var_b_c_i_j,mock_antigen,9.23033754041375
G,M,M,G,G,G,G,M,G,G,var_b_c_h,mock_antigen,1.0
G,M,M,G,G,G,G,M,G,M,var_b_c_h_j,mock_antigen,1.0
G,M,M,G,G,G,G,M,M,G,var_b_c_h_i,mock_antigen,9.224894542903083
G,M,M,G,G,G,G,M,M,M,var_b_c_h_i_j,mock_antigen,8.718921394780912
G,M,M,G,G,G,M,G,G,G,var_b_c_g,mock_antigen,9.569268659932572
G,M,M,G,G,G,M,G,G,M,var_b_c_g_j,mock_antigen,9.041891454430383
G,M,M,G,G,G,M,G,M,G,var_b_c_g_i,mock_antigen,10.908198176280461
G,M,M,G,G,G,M,G,M,M,var_b_c_g_i_j,mock_antigen,9.889980665550384
G,M,M,G,G,G,M,M,G,G,var_b_c_g_h,mock_antigen,8.609997412102548
G,M,M,G,G,G,M,M,G,M,var_b_c_g_h_j,mock_antigen,8.134388388028722
G,M,M,G,G,G,M,M,M,G,var_b_c_g_h_i,mock_antigen,11.011896906088339
G,M,M,G,G,G,M,M,M,M,var_b_c_g_h_i_j,mock_antigen,9.94361649844892
G,M,M,G,G,M,G,G,G,G,var_b_c_f,mock_antigen,8.596612657064885
G,M,M,G,G,M,G,G,G,M,var_b_c_f_j,mock_antigen,9.150591567870038
G,M,M,G,G,M,G,G,M,G,var_b_c_f_i,mock_antigen,10.51674103118188
G,M,M,G,G,M,G,G,M,M,var_b_c_f_i_j,mock_antigen,9.516180096678339
G,M,M,G,G,M,G,M,G,G,var_b_c_f_h,mock_antigen,8.214156332278725
G,M,M,G,G,M,G,M,G,M,var_b_c_f_h_j,mock_antigen,8.765446269721895
G,M,M,G,G,M,G,M,M,G,var_b_c_f_h_i,mock_antigen,9.901153904460001
G,M,M,G,G,M,G,M,M,M,var_b_c_f_h_i_j,mock_antigen,10.388953152442497
G,M,M,G,G,M,M,G,G,G,var_b_c_f_g,mock_antigen,10.433566801818364
G,M,M,G,G,M,M,G,G,M,var_b_c_f_g_j,mock_antigen,10.053122322592525
G,M,M,G,G,M,M,G,M,G,var_b_c_f_g_i,mock_antigen,11.869798956078277
G,M,M,G,G,M,M,G,M,M,var_b_c_f_g_i_j,mock_antigen,10.873836564223835
G,M,M,G,G,M,M,M,G,G,var_b_c_f_g_h,mock_antigen,9.364493122252151
G,M,M,G,G,M,M,M,G,M,var_b_c_f_g_h_j,mock_antigen,9.777527177294532
G,M,M,G,G,M,M,M,M,G,var_b_c_f_g_h_i,mock_antigen,10.757173787326288
G,M,M,G,G,M,M,M,M,M,var_b_c_f_g_h_i_j,mock_antigen,11.063194438082531
G,M,M,G,M,G,G,G,G,G,var_b_c_e,mock_antigen,8.383555475025513
G,M,M,G,M,G,G,G,G,M,var_b_c_e_j,mock_antigen,8.810644692782608
G,M,M,G,M,G,G,G,M,G,var_b_c_e_i,mock_antigen,10.017809519251148
G,M,M,G,M,G,G,G,M,M,var_b_c_e_i_j,mock_antigen,9.848717210898275
G,M,M,G,M,G,G,M,G,G,var_b_c_e_h,mock_antigen,8.715311454694875
G,M,M,G,M,G,G,M,G,M,var_b_c_e_h_j,mock_antigen,8.38403013532738
G,M,M,G,M,G,G,M,M,G,var_b_c_e_h_i,mock_antigen,9.337895515558895
G,M,M,G,M,G,G,M,M,M,var_b_c_e_h_i_j,mock_antigen,9.605440169143199
G,M,M,G,M,G,M,G,G,G,var_b_c_e_g,mock_antigen,9.368060814500941
G,M,M,G,M,G,M,G,G,M,var_b_c_e_g_j,mock_antigen,9.090377319255712
G,M,M,G,M,G,M,G,M,G,var_b_c_e_g_i,mock_antigen,10.602282512926946
G,M,M,G,M,G,M,G,M,M,var_b_c_e_g_i_j,mock_antigen,10.302609030397635
G,M,M,G,M,G,M,M,G,G,var_b_c_e_g_h,mock_antigen,9.36831005237903
G,M,M,G,M,G,M,M,G,M,var_b_c_e_g_h_j,mock_antigen,9.266857377480715
G,M,M,G,M,G,M,M,M,G,var_b_c_e_g_h_i,mock_antigen,11.12254315478934
G,M,M,G,M,G,M,M,M,M,var_b_c_e_g_h_i_j,mock_antigen,10.570386218795148
G,M,M,G,M,M,G,G,G,G,var_b_c_e_f,mock_antigen,9.467186842985717
G,M,M,G,M,M,G,G,G,M,var_b_c_e_f_j,mock_antigen,9.889998240188604
G,M,M,G,M,M,G,G,M,G,var_b_c_e_f_i,mock_antigen,9.733230763074506
G,M,M,G,M,M,G,G,M,M,var_b_c_e_f_i_j,mock_antigen,10.622994361072426
G,M,M,G,M,M,G,M,G,G,var_b_c_e_f_h,mock_antigen,9.564169946937795
G,M,M,G,M,M,G,M,G,M,var_b_c_e_f_h_j,mock_antigen,9.738131120519828
G,M,M,G,M,M,G,M,M,G,var_b_c_e_f_h_i,mock_antigen,9.85016881750795
G,M,M,G,M,M,G,M,M,M,var_b_c_e_f_h_i_j,mock_antigen,10.338141709200842
G,M,M,G,M,M,M,G,G,G,var_b_c_e_f_g,mock_antigen,11.0764743275118
G,M,M,G,M,M,M,G,G,M,var_b_c_e_f_g_j,mock_antigen,10.795803800159534
G,M,M,G,M,M,M,G,M,G,var_b_c_e_f_g_i,mock_antigen,11.159808589044584
G,M,M,G,M,M,M,G,M,M,var_b_c_e_f_g_i_j,mock_antigen,11.18217374149144
G,M,M,G,M,M,M,M,G,G,var_b_c_e_f_g_h,mock_antigen,10.534083598210023
G,M,M,G,M,M,M,M,G,M,var_b_c_e_f_g_h_j,mock_antigen,10.925721124812945
G,M,M,G,M,M,M,M,M,G,var_b_c_e_f_g_h_i,mock_antigen,11.455700527007703
G,M,M,G,M,M,M,M,M,M,var_b_c_e_f_g_h_i_j,mock_antigen,11.52404783782763
G,M,M,M,G,G,G,G,G,G,var_b_c_d,mock_antigen,8.301563419264498
G,M,M,M,G,G,G,G,G,M,var_b_c_d_j,mock_antigen,1.0
G,M,M,M,G,G,G,G,M,G,var_b_c_d_i,mock_antigen,9.324740968689406
G,M,M,M,G,G,G,G,M,M,var_b_c_d_i_j,mock_antigen,8.109613186936667
G,M,M,M,G,G,G,M,G,G,var_b_c_d_h,mock_antigen,8.453671832831935
G,M,M,M,G,G,G,M,G,M,var_b_c_d_h_j,mock_antigen,1.0
G,M,M,M,G,G,G,M,M,G,var_b_c_d_h_i,mock_antigen,9.59565863327409
G,M,M,M,G,G,G,M,M,M,var_b_c_d_h_i_j,mock_antigen,9.11793673942048
G,M,M,M,G,G,M,G,G,G,var_b_c_d_g,mock_antigen,9.73844564054352
G,M,M,M,G,G,M,G,G,M,var_b_c_d_g_j,mock_antigen,8.705217157308542
G,M,M,M,G,G,M,G,M,G,var_b_c_d_g_i,mock_antigen,11.895233932128999
G,M,M,M,G,G,M,G,M,M,var_b_c_d_g_i_j,mock_antigen,9.691223930650485
G,M,M,M,G,G,M,M,G,G,var_b_c_d_g_h,mock_antigen,9.365079604274868
G,M,M,M,G,G,M,M,G,M,var_b_c_d_g_h_j,mock_antigen,8.098839714022642
G,M,M,M,G,G,M,M,M,G,var_b_c_d_g_h_i,mock_antigen,11.38642410009228
G,M,M,M,G,G,M,M,M,M,var_b_c_d_g_h_i_j,mock_antigen,9.7634301296567
G,M,M,M,G,M,G,G,G,G,var_b_c_d_f,mock_antigen,9.547622316682542
G,M,M,M,G,M,G,G,G,M,var_b_c_d_f_j,mock_antigen,1.0
G,M,M,M,G,M,G,G,M,G,var_b_c_d_f_i,mock_antigen,10.33527481915129
G,M,M,M,G,M,G,G,M,M,var_b_c_d_f_i_j,mock_antigen,9.578093253893098
G,M,M,M,G,M,G,M,G,G,var_b_c_d_f_h,mock_antigen,8.211263276647692
G,M,M,M,G,M,G,M,G,M,var_b_c_d_f_h_j,mock_antigen,8.369608272187174
G,M,M,M,G,M,G,M,M,G,var_b_c_d_f_h_i,mock_antigen,10.205676315758392
G,M,M,M,G,M,G,M,M,M,var_b_c_d_f_h_i_j,mock_antigen,8.900545583972765
G,M,M,M,G,M,M,G,G,G,var_b_c_d_f_g,mock_antigen,10.21435016062545
G,M,M,M,G,M,M,G,G,M,var_b_c_d_f_g_j,mock_antigen,9.479444540699719
G,M,M,M,G,M,M,G,M,G,var_b_c_d_f_g_i,mock_antigen,11.933916491836046
G,M,M,M,G,M,M,G,M,M,var_b_c_d_f_g_i_j,mock_antigen,10.499049616859605
G,M,M,M,G,M,M,M,G,G,var_b_c_d_f_g_h,mock_antigen,10.65771076072153
G,M,M,M,G,M,M,M,G,M,var_b_c_d_f_g_h_j,mock_antigen,9.074119330791936
G,M,M,M,G,M,M,M,M,G,var_b_c_d_f_g_h_i,mock_antigen,11.96814324622692
G,M,M,M,G,M,M,M,M,M,var_b_c_d_f_g_h_i_j,mock_antigen,10.228543006749616
G,M,M,M,M,G,G,G,G,G,var_b_c_d_e,mock_antigen,8.228336290093107
G,M,M,M,M,G,G,G,G,M,var_b_c_d_e_j,mock_antigen,8.291425062427686
G,M,M,M,M,G,G,G,M,G,var_b_c_d_e_i,mock_antigen,9.827185483182081
G,M,M,M,M,G,G,G,M,M,var_b_c_d_e_i_j,mock_antigen,9.31387755674474
G,M,M,M,M,G,G,M,G,G,var_b_c_d_e_h,mock_antigen,8.460147747988286
G,M,M,M,M,G,G,M,G,M,var_b_c_d_e_h_j,mock_antigen,1.0
G,M,M,M,M,G,G,M,M,G,var_b_c_d_e_h_i,mock_antigen,9.997138397832492
G,M,M,M,M,G,G,M,M,M,var_b_c_d_e_h_i_j,mock_antigen,9.707816561464174
G,M,M,M,M,G,M,G,G,G,var_b_c_d_e_g,mock_antigen,9.722413929458508
G,M,M,M,M,G,M,G,G,M,var_b_c_d_e_g_j,mock_antigen,9.238317719746895
G,M,M,M,M,G,M,G,M,G,var_b_c_d_e_g_i,mock_antigen,11.425420782106688
G,M,M,M,M,G,M,G,M,M,var_b_c_d_e_g_i_j,mock_antigen,10.241317599816874
G,M,M,M,M,G,M,M,G,G,var_b_c_d_e_g_h,mock_antigen,10.175711377344339
G,M,M,M,M,G,M,M,G,M,var_b_c_d_e_g_h_j,mock_antigen,9.12640644220797
G,M,M,M,M,G,M,M,M,G,var_b_c_d_e_g_h_i,mock_antigen,11.581644630619396
G,M,M,M,M,G,M,M,M,M,var_b_c_d_e_g_h_i_j,mock_antigen,10.995455474755156
G,M,M,M,M,M,G,G,G,G,var_b_c_d_e_f,mock_antigen,8.936551561131958
G,M,M,M,M,M,G,G,G,M,var_b_c_d_e_f_j,mock_antigen,9.213420363310865
G,M,M,M,M,M,G,G,M,G,var_b_c_d_e_f_i,mock_antigen,10.814762371144848
G,M,M,M,M,M,G,G,M,M,var_b_c_d_e_f_i_j,mock_antigen,9.579972771376502
G,M,M,M,M,M,G,M,G,G,var_b_c_d_e_f_h,mock_antigen,8.788931196135174
G,M,M,M,M,M,G,M,G,M,var_b_c_d_e_f_h_j,mock_antigen,8.733014012081806
G,M,M,M,M,M,G,M,M,G,var_b_c_d_e_f_h_i,mock_antigen,10.475386146554007
G,M,M,M,M,M,G,M,M,M,var_b_c_d_e_f_h_i_j,mock_antigen,9.893968556972839
G,M,M,M,M,M,M,G,G,G,var_b_c_d_e_f_g,mock_antigen,10.757767878694366
G,M,M,M,M,M,M,G,G,M,var_b_c_d_e_f_g_j,mock_antigen,10.202365809812687
G,M,M,M,M,M,M,G,M,G,var_b_c_d_e_f_g_i,mock_antigen,11.981725154405458
G,M,M,M,M,M,M,G,M,M,var_b_c_d_e_f_g_i_j,mock_antigen,11.009803019923586
G,M,M,M,M,M,M,M,G,G,var_b_c_d_e_f_g_h,mock_antigen,10.953739794786195
G,M,M,M,M,M,M,M,G,M,var_b_c_d_e_f_g_h_j,mock_antigen,11.3290300250161
G,M,M,M,M,M,M,M,M,G,var_b_c_d_e_f_g_h_i,mock_antigen,12.294518245272888
G,M,M,M,M,M,M,M,M,M,var_b_c_d_e_f_g_h_i_j,mock_antigen,11.80626261796276
M,G,G,G,G,G,G,G,G,G,var_a,mock_antigen,9.352649335950558
M,G,G,G,G,G,G,G,G,M,var_a_j,mock_antigen,9.543997199576419
M,G,G,G,G,G,G,G,M,G,var_a_i,mock_antigen,10.389663075869795
M,G,G,G,G,G,G,G,M,M,var_a_i_j,mock_antigen,9.976006181108804
M,G,G,G,G,G,G,M,G,G,var_a_h,mock_antigen,8.964945598222666
M,G,G,G,G,G,G,M,G,M,var_a_h_j,mock_antigen,8.125926228670707
M,G,G,G,G,G,G,M,M,G,var_a_h_i,mock_antigen,10.040081475610656
M,G,G,G,G,G,G,M,M,M,var_a_h_i_j,mock_antigen,10.42180143276529
M,G,G,G,G,G,M,G,G,G,var_a_g,mock_antigen,10.751186611762137
M,G,G,G,G,G,M,G,G,M,var_a_g_j,mock_antigen,10.044644003972875
M,G,G,G,G,G,M,G,M,G,var_a_g_i,mock_antigen,11.008481501195709
M,G,G,G,G,G,M,G,M,M,var_a_g_i_j,mock_antigen,10.895742792940295
M,G,G,G,G,G,M,M,G,G,var_a_g_h,mock_antigen,9.949944892268903
M,G,G,G,G,G,M,M,G,M,var_a_g_h_j,mock_antigen,8.720981717562186
M,G,G,G,G,G,M,M,M,G,var_a_g_h_i,mock_antigen,11.061591623681428
M,G,G,G,G,G,M,M,M,M,var_a_g_h_i_j,mock_antigen,10.011342682799874
M,G,G,G,G,M,G,G,G,G,var_a_f,mock_antigen,10.208200243745834
M,G,G,G,G,M,G,G,G,M,var_a_f_j,mock_antigen,10.026527672819393
M,G,G,G,G,M,G,G,M,G,var_a_f_i,mock_antigen,10.981333920735276
M,G,G,G,G,M,G,G,M,M,var_a_f_i_j,mock_antigen,11.164460439031203
M,G,G,G,G,M,G,M,G,G,var_a_f_h,mock_antigen,9.28266581809411
M,G,G,G,G,M,G,M,G,M,var_a_f_h_j,mock_antigen,8.860903122707779
M,G,G,G,G,M,G,M,M,G,var_a_f_h_i,mock_antigen,10.399648929111578
M,G,G,G,G,M,G,M,M,M,var_a_f_h_i_j,mock_antigen,9.993182062095869
M,G,G,G,G,M,M,G,G,G,var_a_f_g,mock_antigen,10.629226117381759
M,G,G,G,G,M,M,G,G,M,var_a_f_g_j,mock_antigen,9.963856761909632
M,G,G,G,G,M,M,G,M,G,var_a_f_g_i,mock_antigen,11.859489351161795
M,G,G,G,G,M,M,G,M,M,var_a_f_g_i_j,mock_antigen,11.552629914799281
M,G,G,G,G,M,M,M,G,G,var_a_f_g_h,mock_antigen,9.831829831060055
M,G,G,G,G,M,M,M,G,M,var_a_f_g_h_j,mock_antigen,9.91611428077349
M,G,G,G,G,M,M,M,M,G,var_a_f_g_h_i,mock_antigen,10.72674130612134
M,G,G,G,G,M,M,M,M,M,var_a_f_g_h_i_j,mock_antigen,10.73875952676947
M,G,G,G,M,G,G,G,G,G,var_a_e,mock_antigen,10.213240931384906
M,G,G,G,M,G,G,G,G,M,var_a_e_j,mock_antigen,9.88868149413518
M,G,G,G,M,G,G,G,M,G,var_a_e_i,mock_antigen,10.741292757543743
M,G,G,G,M,G,G,G,M,M,var_a_e_i_j,mock_antigen,11.114897629942677
M,G,G,G,M,G,G,M,G,G,var_a_e_h,mock_antigen,9.65235278521368
M,G,G,G,M,G,G,M,G,M,var_a_e_h_j,mock_antigen,9.84899902159762
M,G,G,G,M,G,G,M,M,G,var_a_e_h_i,mock_antigen,10.854088279204806
M,G,G,G,M,G,G,M,M,M,var_a_e_h_i_j,mock_antigen,11.041417667357793
M,G,G,G,M,G,M,G,G,G,var_a_e_g,mock_antigen,11.024442806155015
M,G,G,G,M,G,M,G,G,M,var_a_e_g_j,mock_antigen,11.071734376431458
M,G,G,G,M,G,M,G,M,G,var_a_e_g_i,mock_antigen,11.497843934537395
M,G,G,G,M,G,M,G,M,M,var_a_e_g_i_j,mock_antigen,11.35835757721542
M,G,G,G,M,G,M,M,G,G,var_a_e_g_h,mock_antigen,10.883146228477397
M,G,G,G,M,G,M,M,G,M,var_a_e_g_h_j,mock_antigen,10.368583228983042
M,G,G,G,M,G,M,M,M,G,var_a_e_g_h_i,mock_antigen,11.555039564167073
M,G,G,G,M,G,M,M,M,M,var_a_e_g_h_i_j,mock_antigen,12.02093431296952
M,G,G,G,M,M,G,G,G,G,var_a_e_f,mock_antigen,10.553595632056137
M,G,G,G,M,M,G,G,G,M,var_a_e_f_j,mock_antigen,10.803659560404276
M,G,G,G,M,M,G,G,M,G,var_a_e_f_i,mock_antigen,10.998478117813093
M,G,G,G,M,M,G,G,M,M,var_a_e_f_i_j,mock_antigen,11.216680591551548
M,G,G,G,M,M,G,M,G,G,var_a_e_f_h,mock_antigen,9.39513409337428
M,G,G,G,M,M,G,M,G,M,var_a_e_f_h_j,mock_antigen,9.994213348714965
M,G,G,G,M,M,G,M,M,G,var_a_e_f_h_i,mock_antigen,10.173789340241543
M,G,G,G,M,M,G,M,M,M,var_a_e_f_h_i_j,mock_antigen,10.586762941989418
M,G,G,G,M,M,M,G,G,G,var_a_e_f_g,mock_antigen,11.583513213686514
M,G,G,G,M,M,M,G,G,M,var_a_e_f_g_j,mock_antigen,10.909234539166006
M,G,G,G,M,M,M,G,M,G,var_a_e_f_g_i,mock_antigen,12.232506456578225
M,G,G,G,M,M,M,G,M,M,var_a_e_f_g_i_j,mock_antigen,11.755711054071067
M,G,G,G,M,M,M,M,G,G,var_a_e_f_g_h,mock_antigen,10.89352965214634
M,G,G,G,M,M,M,M,G,M,var_a_e_f_g_h_j,mock_antigen,10.537333402466649
M,G,G,G,M,M,M,M,M,G,var_a_e_f_g_h_i,mock_antigen,11.637943091264674
M,G,G,G,M,M,M,M,M,M,var_a_e_f_g_h_i_j,mock_antigen,11.754297741782835
M,G,G,M,G,G,G,G,G,G,var_a_d,mock_antigen,9.846277670571652
M,G,G,M,G,G,G,G,G,M,var_a_d_j,mock_antigen,8.495848307378498
M,G,G,M,G,G,G,G,M,G,var_a_d_i,mock_antigen,11.10415955725073
M,G,G,M,G,G,G,G,M,M,var_a_d_i_j,mock_antigen,9.992239130209535
M,G,G,M,G,G,G,M,G,G,var_a_d_h,mock_antigen,9.49014298907548
M,G,G,M,G,G,G,M,G,M,var_a_d_h_j,mock_antigen,1.0
M,G,G,M,G,G,G,M,M,G,var_a_d_h_i,mock_antigen,10.051611669411534
M,G,G,M,G,G,G,M,M,M,var_a_d_h_i_j,mock_antigen,9.619763728238162
M,G,G,M,G,G,M,G,G,G,var_a_d_g,mock_antigen,11.06055468424084
M,G,G,M,G,G,M,G,G,M,var_a_d_g_j,mock_antigen,10.750226433957465
M,G,G,M,G,G,M,G,M,G,var_a_d_g_i,mock_antigen,12.225796663979121
M,G,G,M,G,G,M,G,M,M,var_a_d_g_i_j,mock_antigen,10.83844705236743
M,G,G,M,G,G,M,M,G,G,var_a_d_g_h,mock_antigen,11.317435468204115
M,G,G,M,G,G,M,M,G,M,var_a_d_g_h_j,mock_antigen,9.508438035201516
M,G,G,M,G,G,M,M,M,G,var_a_d_g_h_i,mock_antigen,12.076031947173757
M,G,G,M,G,G,M,M,M,M,var_a_d_g_h_i_j,mock_antigen,11.172211577907158
M,G,G,M,G,M,G,G,G,G,var_a_d_f,mock_antigen,10.911295921173618
M,G,G,M,G,M,G,G,G,M,var_a_d_f_j,mock_antigen,9.504220232566796
M,G,G,M,G,M,G,G,M,G,var_a_d_f_i,mock_antigen,11.612897079026203
M,G,G,M,G,M,G,G,M,M,var_a_d_f_i_j,mock_antigen,10.889435580691035
M,G,G,M,G,M,G,M,G,G,var_a_d_f_h,mock_antigen,9.770789513086592
M,G,G,M,G,M,G,M,G,M,var_a_d_f_h_j,mock_antigen,8.549049983846654
M,G,G,M,G,M,G,M,M,G,var_a_d_f_h_i,mock_antigen,11.03439671258207
M,G,G,M,G,M,G,M,M,M,var_a_d_f_h_i_j,mock_antigen,9.893843117197964
M,G,G,M,G,M,M,G,G,G,var_a_d_f_g,mock_antigen,11.507168511087581
M,G,G,M,G,M,M,G,G,M,var_a_d_f_g_j,mock_antigen,10.299540797937738
M,G,G,M,G,M,M,G,M,G,var_a_d_f_g_i,mock_antigen,100.0
M,G,G,M,G,M,M,G,M,M,var_a_d_f_g_i_j,mock_antigen,12.485001146897106
M,G,G,M,G,M,M,M,G,G,var_a_d_f_g_h,mock_antigen,10.790675203593798
M,G,G,M,G,M,M,M,G,M,var_a_d_f_g_h_j,mock_antigen,9.86526104002225
M,G,G,M,G,M,M,M,M,G,var_a_d_f_g_h_i,mock_antigen,11.957862236051817
M,G,G,M,G,M,M,M,M,M,var_a_d_f_g_h_i_j,mock_antigen,10.971439834046695
M,G,G,M,M,G,G,G,G,G,var_a_d_e,mock_antigen,10.854322376347664
M,G,G,M,M,G,G,G,G,M,var_a_d_e_j,mock_antigen,10.184729294258654
M,G,G,M,M,G,G,G,M,G,var_a_d_e_i,mock_antigen,11.558231539304465
M,G,G,M,M,G,G,G,M,M,var_a_d_e_i_j,mock_antigen,10.933579525404332
M,G,G,M,M,G,G,M,G,G,var_a_d_e_h,mock_antigen,10.419183780019727
M,G,G,M,M,G,G,M,G,M,var_a_d_e_h_j,mock_antigen,9.39158857228773
M,G,G,M,M,G,G,M,M,G,var_a_d_e_h_i,mock_antigen,11.775538332471191
M,G,G,M,M,G,G,M,M,M,var_a_d_e_h_i_j,mock_antigen,10.60509612631029
M,G,G,M,M,G,M,G,G,G,var_a_d_e_g,mock_antigen,12.196254010402289
M,G,G,M,M,G,M,G,G,M,var_a_d_e_g_j,mock_antigen,11.080219434607637
M,G,G,M,M,G,M,G,M,G,var_a_d_e_g_i,mock_antigen,100.0
M,G,G,M,M,G,M,G,M,M,var_a_d_e_g_i_j,mock_antigen,11.704849092087828
M,G,G,M,M,G,M,M,G,G,var_a_d_e_g_h,mock_antigen,11.603104950303738
M,G,G,M,M,G,M,M,G,M,var_a_d_e_g_h_j,mock_antigen,10.784568433452197
M,G,G,M,M,G,M,M,M,G,var_a_d_e_g_h_i,mock_antigen,12.746827983520497
M,G,G,M,M,G,M,M,M,M,var_a_d_e_g_h_i_j,mock_antigen,11.812159628483219
M,G,G,M,M,M,G,G,G,G,var_a_d_e_f,mock_antigen,11.542672376084916
M,G,G,M,M,M,G,G,G,M,var_a_d_e_f_j,mock_antigen,10.097354150363945
M,G,G,M,M,M,G,G,M,G,var_a_d_e_f_i,mock_antigen,11.679899023631355
M,G,G,M,M,M,G,G,M,M,var_a_d_e_f_i_j,mock_antigen,11.215968021281588
M,G,G,M,M,M,G,M,G,G,var_a_d_e_f_h,mock_antigen,9.484626867447028
M,G,G,M,M,M,G,M,G,M,var_a_d_e_f_h_j,mock_antigen,10.15547536134926
M,G,G,M,M,M,G,M,M,G,var_a_d_e_f_h_i,mock_antigen,11.483604468678525
M,G,G,M,M,M,G,M,M,M,var_a_d_e_f_h_i_j,mock_antigen,10.6488715296453
M,G,G,M,M,M,M,G,G,G,var_a_d_e_f_g,mock_antigen,12.012829917534942
M,G,G,M,M,M,M,G,G,M,var_a_d_e_f_g_j,mock_antigen,11.012446212047161
M,G,G,M,M,M,M,G,M,G,var_a_d_e_f_g_i,mock_antigen,100.0
M,G,G,M,M,M,M,G,M,M,var_a_d_e_f_g_i_j,mock_antigen,12.158448405536182
M,G,G,M,M,M,M,M,G,G,var_a_d_e_f_g_h,mock_antigen,12.305845690144203
M,G,G,M,M,M,M,M,G,M,var_a_d_e_f_g_h_j,mock_antigen,11.272838594034463
M,G,G,M,M,M,M,M,M,G,var_a_d_e_f_g_h_i,mock_antigen,100.0
M,G,G,M,M,M,M,M,M,M,var_a_d_e_f_g_h_i_j,mock_antigen,12.29459431182805
M,G,M,G,G,G,G,G,G,G,var_a_c,mock_antigen,10.070971868334098
M,G,M,G,G,G,G,G,G,M,var_a_c_j,mock_antigen,9.597651315422715
M,G,M,G,G,G,G,G,M,G,var_a_c_i,mock_antigen,11.64198282776637
M,G,M,G,G,G,G,G,M,M,var_a_c_i_j,mock_antigen,11.004520262503494
M,G,M,G,G,G,G,M,G,G,var_a_c_h,mock_antigen,9.848017830460856
M,G,M,G,G,G,G,M,G,M,var_a_c_h_j,mock_antigen,9.43965058588531
M,G,M,G,G,G,G,M,M,G,var_a_c_h_i,mock_antigen,11.37043731312737
M,G,M,G,G,G,G,M,M,M,var_a_c_h_i_j,mock_antigen,10.423455865852791
M,G,M,G,G,G,M,G,G,G,var_a_c_g,mock_antigen,11.540958162425389
M,G,M,G,G,G,M,G,G,M,var_a_c_g_j,mock_antigen,10.717043087459853
M,G,M,G,G,G,M,G,M,G,var_a_c_g_i,mock_antigen,100.0
M,G,M,G,G,G,M,G,M,M,var_a_c_g_i_j,mock_antigen,11.99064128440248
M,G,M,G,G,G,M,M,G,G,var_a_c_g_h,mock_antigen,10.507889789242261
M,G,M,G,G,G,M,M,G,M,var_a_c_g_h_j,mock_antigen,9.875428432373308
M,G,M,G,G,G,M,M,M,G,var_a_c_g_h_i,mock_antigen,12.953004812872047
M,G,M,G,G,G,M,M,M,M,var_a_c_g_h_i_j,mock_antigen,11.73593327591857
M,G,M,G,G,M,G,G,G,G,var_a_c_f,mock_antigen,10.976215134921445
M,G,M,G,G,M,G,G,G,M,var_a_c_f_j,mock_antigen,10.534392390624857
M,G,M,G,G,M,G,G,M,G,var_a_c_f_i,mock_antigen,11.341314827746093
M,G,M,G,G,M,G,G,M,M,var_a_c_f_i_j,mock_antigen,11.772754804880005
M,G,M,G,G,M,G,M,G,G,var_a_c_f_h,mock_antigen,9.65616328006608
M,G,M,G,G,M,G,M,G,M,var_a_c_f_h_j,mock_antigen,9.536155649911212
M,G,M,G,G,M,G,M,M,G,var_a_c_f_h_i,mock_antigen,11.222253519651145
M,G,M,G,G,M,G,M,M,M,var_a_c_f_h_i_j,mock_antigen,9.826080757156655
M,G,M,G,G,M,M,G,G,G,var_a_c_f_g,mock_antigen,11.502695405135228
M,G,M,G,G,M,M,G,G,M,var_a_c_f_g_j,mock_antigen,11.102568118496604
M,G,M,G,G,M,M,G,M,G,var_a_c_f_g_i,mock_antigen,100.0
M,G,M,G,G,M,M,G,M,M,var_a_c_f_g_i_j,mock_antigen,12.280214874330243
M,G,M,G,G,M,M,M,G,G,var_a_c_f_g_h,mock_antigen,10.828896676775711
M,G,M,G,G,M,M,M,G,M,var_a_c_f_g_h_j,mock_antigen,10.503953491734451
M,G,M,G,G,M,M,M,M,G,var_a_c_f_g_h_i,mock_antigen,12.635136612798306
M,G,M,G,G,M,M,M,M,M,var_a_c_f_g_h_i_j,mock_antigen,11.72484665872474
M,G,M,G,M,G,G,G,G,G,var_a_c_e,mock_antigen,11.114389525892559
M,G,M,G,M,G,G,G,G,M,var_a_c_e_j,mock_antigen,11.144597597828321
M,G,M,G,M,G,G,G,M,G,var_a_c_e_i,mock_antigen,11.807456720579765
M,G,M,G,M,G,G,G,M,M,var_a_c_e_i_j,mock_antigen,12.027079604568467
M,G,M,G,M,G,G,M,G,G,var_a_c_e_h,mock_antigen,10.835470542733685
M,G,M,G,M,G,G,M,G,M,var_a_c_e_h_j,mock_antigen,10.010025855831106
M,G,M,G,M,G,G,M,M,G,var_a_c_e_h_i,mock_antigen,12.025764390716281
M,G,M,G,M,G,G,M,M,M,var_a_c_e_h_i_j,mock_antigen,11.391878695734269
M,G,M,G,M,G,M,G,G,G,var_a_c_e_g,mock_antigen,11.823494177081276
M,G,M,G,M,G,M,G,G,M,var_a_c_e_g_j,mock_antigen,11.280925693503567
M,G,M,G,M,G,M,G,M,G,var_a_c_e_g_i,mock_antigen,100.0
M,G,M,G,M,G,M,G,M,M,var_a_c_e_g_i_j,mock_antigen,12.641536048960845
M,G,M,G,M,G,M,M,G,G,var_a_c_e_g_h,mock_antigen,12.055746581905128
M,G,M,G,M,G,M,M,G,M,var_a_c_e_g_h_j,mock_antigen,11.224771358821933
M,G,M,G,M,G,M,M,M,G,var_a_c_e_g_h_i,mock_antigen,12.954010708616593
M,G,M,G,M,G,M,M,M,M,var_a_c_e_g_h_i_j,mock_antigen,12.037511442912502
M,G,M,G,M,M,G,G,G,G,var_a_c_e_f,mock_antigen,11.987168214204962
M,G,M,G,M,M,G,G,G,M,var_a_c_e_f_j,mock_antigen,11.426311929544728
M,G,M,G,M,M,G,G,M,G,var_a_c_e_f_i,mock_antigen,12.101721329805676
M,G,M,G,M,M,G,G,M,M,var_a_c_e_f_i_j,mock_antigen,11.895263798901844
M,G,M,G,M,M,G,M,G,G,var_a_c_e_f_h,mock_antigen,11.21807274813907
M,G,M,G,M,M,G,M,G,M,var_a_c_e_f_h_j,mock_antigen,10.653234306689273
M,G,M,G,M,M,G,M,M,G,var_a_c_e_f_h_i,mock_antigen,11.757015219252608
M,G,M,G,M,M,G,M,M,M,var_a_c_e_f_h_i_j,mock_antigen,11.483513355872594
M,G,M,G,M,M,M,G,G,G,var_a_c_e_f_g,mock_antigen,12.566721204425773
M,G,M,G,M,M,M,G,G,M,var_a_c_e_f_g_j,mock_antigen,11.245874617262885
M,G,M,G,M,M,M,G,M,G,var_a_c_e_f_g_i,mock_antigen,100.0
M,G,M,G,M,M,M,G,M,M,var_a_c_e_f_g_i_j,mock_antigen,12.86838586696952
M,G,M,G,M,M,M,M,G,G,var_a_c_e_f_g_h,mock_antigen,12.130809848137993
M,G,M,G,M,M,M,M,G,M,var_a_c_e_f_g_h_j,mock_antigen,11.005420271983484
M,G,M,G,M,M,M,M,M,G,var_a_c_e_f_g_h_i,mock_antigen,12.312188982892291
M,G,M,G,M,M,M,M,M,M,var_a_c_e_f_g_h_i_j,mock_antigen,12.421382277739959
M,G,M,M,G,G,G,G,G,G,var_a_c_d,mock_antigen,10.458683197214311
M,G,M,M,G,G,G,G,G,M,var_a_c_d_j,mock_antigen,9.505986594945055
M,G,M,M,G,G,G,G,M,G,var_a_c_d_i,mock_antigen,11.976834685547379
M,G,M,M,G,G,G,G,M,M,var_a_c_d_i_j,mock_antigen,10.282102914122593
M,G,M,M,G,G,G,M,G,G,var_a_c_d_h,mock_antigen,10.033128349036787
M,G,M,M,G,G,G,M,G,M,var_a_c_d_h_j,mock_antigen,8.822706332509155
M,G,M,M,G,G,G,M,M,G,var_a_c_d_h_i,mock_antigen,11.609325207385666
M,G,M,M,G,G,G,M,M,M,var_a_c_d_h_i_j,mock_antigen,10.131144454228693
M,G,M,M,G,G,M,G,G,G,var_a_c_d_g,mock_antigen,11.811507318575426
M,G,M,M,G,G,M,G,G,M,var_a_c_d_g_j,mock_antigen,10.425382715672422
M,G,M,M,G,G,M,G,M,G,var_a_c_d_g_i,mock_antigen,100.0
M,G,M,M,G,G,M,G,M,M,var_a_c_d_g_i_j,mock_antigen,11.24492662397339
M,G,M,M,G,G,M,M,G,G,var_a_c_d_g_h,mock_antigen,11.006640366954532
M,G,M,M,G,G,M,M,G,M,var_a_c_d_g_h_j,mock_antigen,9.310261864198358
M,G,M,M,G,G,M,M,M,G,var_a_c_d_g_h_i,mock_antigen,100.0
M,G,M,M,G,G,M,M,M,M,var_a_c_d_g_h_i_j,mock_antigen,11.521041008172018
M,G,M,M,G,M,G,G,G,G,var_a_c_d_f,mock_antigen,11.620265425899198
M,G,M,M,G,M,G,G,G,M,var_a_c_d_f_j,mock_antigen,10.019093346820178
M,G,M,M,G,M,G,G,M,G,var_a_c_d_f_i,mock_antigen,12.209590246061355
M,G,M,M,G,M,G,G,M,M,var_a_c_d_f_i_j,mock_antigen,9.685778894056527
M,G,M,M,G,M,G,M,G,G,var_a_c_d_f_h,mock_antigen,10.07771986077812
M,G,M,M,G,M,G,M,G,M,var_a_c_d_f_h_j,mock_antigen,9.101742293725291
M,G,M,M,G,M,G,M,M,G,var_a_c_d_f_h_i,mock_antigen,11.736510919517054
M,G,M,M,G,M,G,M,M,M,var_a_c_d_f_h_i_j,mock_antigen,10.306122512318582
M,G,M,M,G,M,M,G,G,G,var_a_c_d_f_g,mock_antigen,12.678113554057143
M,G,M,M,G,M,M,G,G,M,var_a_c_d_f_g_j,mock_antigen,11.207124657200476
M,G,M,M,G,M,M,G,M,G,var_a_c_d_f_g_i,mock_antigen,100.0
M,G,M,M,G,M,M,G,M,M,var_a_c_d_f_g_i_j,mock_antigen,11.371722081032413
M,G,M,M,G,M,M,M,G,G,var_a_c_d_f_g_h,mock_antigen,11.857890665932763
M,G,M,M,G,M,M,M,G,M,var_a_c_d_f_g_h_j,mock_antigen,10.416992614560002
M,G,M,M,G,M,M,M,M,G,var_a_c_d_f_g_h_i,mock_antigen,12.99158957419068
M,G,M,M,G,M,M,M,M,M,var_a_c_d_f_g_h_i_j,mock_antigen,11.215092036098376
M,G,M,M,M,G,G,G,G,G,var_a_c_d_e,mock_antigen,10.279461844809518
M,G,M,M,M,G,G,G,G,M,var_a_c_d_e_j,mock_antigen,10.169872707783666
M,G,M,M,M,G,G,G,M,G,var_a_c_d_e_i,mock_antigen,12.038867611685562
M,G,M,M,M,G,G,G,M,M,var_a_c_d_e_i_j,mock_antigen,10.592171089662253
M,G,M,M,M,G,G,M,G,G,var_a_c_d_e_h,mock_antigen,10.456010297099068
M,G,M,M,M,G,G,M,G,M,var_a_c_d_e_h_j,mock_antigen,9.194962568630489
M,G,M,M,M,G,G,M,M,G,var_a_c_d_e_h_i,mock_antigen,12.263643224393073
M,G,M,M,M,G,G,M,M,M,var_a_c_d_e_h_i_j,mock_antigen,11.207598812939311
M,G,M,M,M,G,M,G,G,G,var_a_c_d_e_g,mock_antigen,12.367705503304323
M,G,M,M,M,G,M,G,G,M,var_a_c_d_e_g_j,mock_antigen,11.082414224385612
M,G,M,M,M,G,M,G,M,G,var_a_c_d_e_g_i,mock_antigen,100.0
M,G,M,M,M,G,M,G,M,M,var_a_c_d_e_g_i_j,mock_antigen,11.9787208837149
M,G,M,M,M,G,M,M,G,G,var_a_c_d_e_g_h,mock_antigen,11.768225696962576
M,G,M,M,M,G,M,M,G,M,var_a_c_d_e_g_h_j,mock_antigen,11.124710322836236
M,G,M,M,M,G,M,M,M,G,var_a_c_d_e_g_h_i,mock_antigen,100.0
M,G,M,M,M,G,M,M,M,M,var_a_c_d_e_g_h_i_j,mock_antigen,100.0
M,G,M,M,M,M,G,G,G,G,var_a_c_d_e_f,mock_antigen,11.058991594335701
M,G,M,M,M,M,G,G,G,M,var_a_c_d_e_f_j,mock_antigen,10.42129048604838
M,G,M,M,M,M,G,G,M,G,var_a_c_d_e_f_i,mock_antigen,12.309290914167265
M,G,M,M,M,M,G,G,M,M,var_a_c_d_e_f_i_j,mock_antigen,10.969200504688198
M,G,M,M,M,M,G,M,G,G,var_a_c_d_e_f_h,mock_antigen,11.184387134959701
M,G,M,M,M,M,G,M,G,M,var_a_c_d_e_f_h_j,mock_antigen,10.40116868679602
M,G,M,M,M,M,G,M,M,G,var_a_c_d_e_f_h_i,mock_antigen,11.945564731240168
M,G,M,M,M,M,G,M,M,M,var_a_c_d_e_f_h_i_j,mock_antigen,10.671358364561359
M,G,M,M,M,M,M,G,G,G,var_a_c_d_e_f_g,mock_antigen,12.905622409505247
M,G,M,M,M,M,M,G,G,M,var_a_c_d_e_f_g_j,mock_antigen,11.801979344871233
M,G,M,M,M,M,M,G,M,G,var_a_c_d_e_f_g_i,mock_antigen,100.0
M,G,M,M,M,M,M,G,M,M,var_a_c_d_e_f_g_i_j,mock_antigen,12.631982308012148
M,G,M,M,M,M,M,M,G,G,var_a_c_d_e_f_g_h,mock_antigen,12.351056152110502
M,G,M,M,M,M,M,M,G,M,var_a_c_d_e_f_g_h_j,mock_antigen,11.334276383415395
M,G,M,M,M,M,M,M,M,G,var_a_c_d_e_f_g_h_i,mock_antigen,100.0
M,G,M,M,M,M,M,M,M,M,var_a_c_d_e_f_g_h_i_j,mock_antigen,12.523076576545904
M,M,G,G,G,G,G,G,G,G,var_a_b,mock_antigen,1.0
M,M,G,G,G,G,G,G,G,M,var_a_b_j,mock_antigen,1.0
M,M,G,G,G,G,G,G,M,G,var_a_b_i,mock_antigen,8.667651109175777
M,M,G,G,G,G,G,G,M,M,var_a_b_i_j,mock_antigen,8.244363935004287
M,M,G,G,G,G,G,M,G,G,var_a_b_h,mock_antigen,1.0
M,M,G,G,G,G,G,M,G,M,var_a_b_h_j,mock_antigen,1.0
M,M,G,G,G,G,G,M,M,G,var_a_b_h_i,mock_antigen,9.000350613522905
M,M,G,G,G,G,G,M,M,M,var_a_b_h_i_j,mock_antigen,1.0
M,M,G,G,G,G,M,G,G,G,var_a_b_g,mock_antigen,8.922569928377417
M,M,G,G,G,G,M,G,G,M,var_a_b_g_j,mock_antigen,8.298419324338811
M,M,G,G,G,G,M,G,M,G,var_a_b_g_i,mock_antigen,10.685925668080028
M,M,G,G,G,G,M,G,M,M,var_a_b_g_i_j,mock_antigen,8.782268313688064
M,M,G,G,G,G,M,M,G,G,var_a_b_g_h,mock_antigen,8.875388917716467
M,M,G,G,G,G,M,M,G,M,var_a_b_g_h_j,mock_antigen,8.002056261992237
M,M,G,G,G,G,M,M,M,G,var_a_b_g_h_i,mock_antigen,10.030451036924056
M,M,G,G,G,G,M,M,M,M,var_a_b_g_h_i_j,mock_antigen,9.326869037408786
M,M,G,G,G,M,G,G,G,G,var_a_b_f,mock_antigen,8.389655720329031
M,M,G,G,G,M,G,G,G,M,var_a_b_f_j,mock_antigen,1.0
M,M,G,G,G,M,G,G,M,G,var_a_b_f_i,mock_antigen,8.433163082407738
M,M,G,G,G,M,G,G,M,M,var_a_b_f_i_j,mock_antigen,8.795767870361654
M,M,G,G,G,M,G,M,G,G,var_a_b_f_h,mock_antigen,1.0
M,M,G,G,G,M,G,M,G,M,var_a_b_f_h_j,mock_antigen,1.0
M,M,G,G,G,M,G,M,M,G,var_a_b_f_h_i,mock_antigen,8.444868457302947
M,M,G,G,G,M,G,M,M,M,var_a_b_f_h_i_j,mock_antigen,8.260920902712014
M,M,G,G,G,M,M,G,G,G,var_a_b_f_g,mock_antigen,9.243115560223186
M,M,G,G,G,M,M,G,G,M,var_a_b_f_g_j,mock_antigen,9.448276014839635
M,M,G,G,G,M,M,G,M,G,var_a_b_f_g_i,mock_antigen,9.842644934383701
M,M,G,G,G,M,M,G,M,M,var_a_b_f_g_i_j,mock_antigen,9.835291098213325
M,M,G,G,G,M,M,M,G,G,var_a_b_f_g_h,mock_antigen,8.492710361167903
M,M,G,G,G,M,M,M,G,M,var_a_b_f_g_h_j,mock_antigen,8.135870188099963
M,M,G,G,G,M,M,M,M,G,var_a_b_f_g_h_i,mock_antigen,9.504733343245347
M,M,G,G,G,M,M,M,M,M,var_a_b_f_g_h_i_j,mock_antigen,9.614640544143876
M,M,G,G,M,G,G,G,G,G,var_a_b_e,mock_antigen,8.394465918251555
M,M,G,G,M,G,G,G,G,M,var_a_b_e_j,mock_antigen,8.959137775258412
M,M,G,G,M,G,G,G,M,G,var_a_b_e_i,mock_antigen,9.51908411090025
M,M,G,G,M,G,G,G,M,M,var_a_b_e_i_j,mock_antigen,9.61323078194563
M,M,G,G,M,G,G,M,G,G,var_a_b_e_h,mock_antigen,8.264983606333187
M,M,G,G,M,G,G,M,G,M,var_a_b_e_h_j,mock_antigen,8.051888851977147
M,M,G,G,M,G,G,M,M,G,var_a_b_e_h_i,mock_antigen,9.957259169016567
M,M,G,G,M,G,G,M,M,M,var_a_b_e_h_i_j,mock_antigen,9.23049434926344
M,M,G,G,M,G,M,G,G,G,var_a_b_e_g,mock_antigen,9.78964773462603
M,M,G,G,M,G,M,G,G,M,var_a_b_e_g_j,mock_antigen,9.73078857680613
M,M,G,G,M,G,M,G,M,G,var_a_b_e_g_i,mock_antigen,11.225914255355452
M,M,G,G,M,G,M,G,M,M,var_a_b_e_g_i_j,mock_antigen,9.60973538824487
M,M,G,G,M,G,M,M,G,G,var_a_b_e_g_h,mock_antigen,9.535149493188989
M,M,G,G,M,G,M,M,G,M,var_a_b_e_g_h_j,mock_antigen,8.837771220231009
M,M,G,G,M,G,M,M,M,G,var_a_b_e_g_h_i,mock_antigen,10.979716967268175
M,M,G,G,M,G,M,M,M,M,var_a_b_e_g_h_i_j,mock_antigen,10.15417889558439
M,M,G,G,M,M,G,G,G,G,var_a_b_e_f,mock_antigen,8.870748747036316
M,M,G,G,M,M,G,G,G,M,var_a_b_e_f_j,mock_antigen,9.288557642827083
M,M,G,G,M,M,G,G,M,G,var_a_b_e_f_i,mock_antigen,9.620642678793386
M,M,G,G,M,M,G,G,M,M,var_a_b_e_f_i_j,mock_antigen,9.562609408725304
M,M,G,G,M,M,G,M,G,G,var_a_b_e_f_h,mock_antigen,8.887132866862244
M,M,G,G,M,M,G,M,G,M,var_a_b_e_f_h_j,mock_antigen,8.1740387503984
M,M,G,G,M,M,G,M,M,G,var_a_b_e_f_h_i,mock_antigen,9.131782853931863
M,M,G,G,M,M,G,M,M,M,var_a_b_e_f_h_i_j,mock_antigen,9.771708062135923
M,M,G,G,M,M,M,G,G,G,var_a_b_e_f_g,mock_antigen,9.867167164135138
M,M,G,G,M,M,M,G,G,M,var_a_b_e_f_g_j,mock_antigen,10.140079782975235
M,M,G,G,M,M,M,G,M,G,var_a_b_e_f_g_i,mock_antigen,10.856061387161445
M,M,G,G,M,M,M,G,M,M,var_a_b_e_f_g_i_j,mock_antigen,10.2828095134516
M,M,G,G,M,M,M,M,G,G,var_a_b_e_f_g_h,mock_antigen,9.45743280403466
M,M,G,G,M,M,M,M,G,M,var_a_b_e_f_g_h_j,mock_antigen,9.539240501636199
M,M,G,G,M,M,M,M,M,G,var_a_b_e_f_g_h_i,mock_antigen,11.065548693987566
M,M,G,G,M,M,M,M,M,M,var_a_b_e_f_g_h_i_j,mock_antigen,10.779303419173303
M,M,G,M,G,G,G,G,G,G,var_a_b_d,mock_antigen,8.346119079762946
M,M,G,M,G,G,G,G,G,M,var_a_b_d_j,mock_antigen,1.0
M,M,G,M,G,G,G,G,M,G,var_a_b_d_i,mock_antigen,9.398255932981714
M,M,G,M,G,G,G,G,M,M,var_a_b_d_i_j,mock_antigen,8.22264954021986
M,M,G,M,G,G,G,M,G,G,var_a_b_d_h,mock_antigen,1.0
M,M,G,M,G,G,G,M,G,M,var_a_b_d_h_j,mock_antigen,1.0
M,M,G,M,G,G,G,M,M,G,var_a_b_d_h_i,mock_antigen,9.310148030627857
M,M,G,M,G,G,G,M,M,M,var_a_b_d_h_i_j,mock_antigen,8.236235079699997
M,M,G,M,G,G,M,G,G,G,var_a_b_d_g,mock_antigen,9.519975510799757
M,M,G,M,G,G,M,G,G,M,var_a_b_d_g_j,mock_antigen,8.283701029252704
M,M,G,M,G,G,M,G,M,G,var_a_b_d_g_i,mock_antigen,11.331458315081381
M,M,G,M,G,G,M,G,M,M,var_a_b_d_g_i_j,mock_antigen,9.251752066961282
M,M,G,M,G,G,M,M,G,G,var_a_b_d_g_h,mock_antigen,10.301778663097918
M,M,G,M,G,G,M,M,G,M,var_a_b_d_g_h_j,mock_antigen,1.0
M,M,G,M,G,G,M,M,M,G,var_a_b_d_g_h_i,mock_antigen,11.118712508739028
M,M,G,M,G,G,M,M,M,M,var_a_b_d_g_h_i_j,mock_antigen,9.292597855112804
M,M,G,M,G,M,G,G,G,G,var_a_b_d_f,mock_antigen,8.993609867454198
M,M,G,M,G,M,G,G,G,M,var_a_b_d_f_j,mock_antigen,1.0
M,M,G,M,G,M,G,G,M,G,var_a_b_d_f_i,mock_antigen,9.52035418785588
M,M,G,M,G,M,G,G,M,M,var_a_b_d_f_i_j,mock_antigen,8.042262585304503
M,M,G,M,G,M,G,M,G,G,var_a_b_d_f_h,mock_antigen,1.0
M,M,G,M,G,M,G,M,G,M,var_a_b_d_f_h_j,mock_antigen,1.0
M,M,G,M,G,M,G,M,M,G,var_a_b_d_f_h_i,mock_antigen,8.343234597083926
M,M,G,M,G,M,G,M,M,M,var_a_b_d_f_h_i_j,mock_antigen,1.0
M,M,G,M,G,M,M,G,G,G,var_a_b_d_f_g,mock_antigen,10.27941329637933
M,M,G,M,G,M,M,G,G,M,var_a_b_d_f_g_j,mock_antigen,9.150245094292012
M,M,G,M,G,M,M,G,M,G,var_a_b_d_f_g_i,mock_antigen,11.646455578275685
M,M,G,M,G,M,M,G,M,M,var_a_b_d_f_g_i_j,mock_antigen,9.516068922914108
M,M,G,M,G,M,M,M,G,G,var_a_b_d_f_g_h,mock_antigen,9.540858705196493
M,M,G,M,G,M,M,M,G,M,var_a_b_d_f_g_h_j,mock_antigen,8.255379962233865
M,M,G,M,G,M,M,M,M,G,var_a_b_d_f_g_h_i,mock_antigen,11.017022108446842
M,M,G,M,G,M,M,M,M,M,var_a_b_d_f_g_h_i_j,mock_antigen,9.39498823259997
M,M,G,M,M,G,G,G,G,G,var_a_b_d_e,mock_antigen,9.197178957049008
M,M,G,M,M,G,G,G,G,M,var_a_b_d_e_j,mock_antigen,8.153017662097369
M,M,G,M,M,G,G,G,M,G,var_a_b_d_e_i,mock_antigen,9.94340003806585
M,M,G,M,M,G,G,G,M,M,var_a_b_d_e_i_j,mock_antigen,9.036828644843684
M,M,G,M,M,G,G,M,G,G,var_a_b_d_e_h,mock_antigen,8.1856430795175
M,M,G,M,M,G,G,M,G,M,var_a_b_d_e_h_j,mock_antigen,1.0
M,M,G,M,M,G,G,M,M,G,var_a_b_d_e_h_i,mock_antigen,10.419172075766056
M,M,G,M,M,G,G,M,M,M,var_a_b_d_e_h_i_j,mock_antigen,9.695205109445268
M,M,G,M,M,G,M,G,G,G,var_a_b_d_e_g,mock_antigen,10.335982471067812
M,M,G,M,M,G,M,G,G,M,var_a_b_d_e_g_j,mock_antigen,9.661523698359494
M,M,G,M,M,G,M,G,M,G,var_a_b_d_e_g_i,mock_antigen,11.791154298727802
M,M,G,M,M,G,M,G,M,M,var_a_b_d_e_g_i_j,mock_antigen,10.249384876087694
M,M,G,M,M,G,M,M,G,G,var_a_b_d_e_g_h,mock_antigen,11.047550557027824
M,M,G,M,M,G,M,M,G,M,var_a_b_d_e_g_h_j,mock_antigen,9.755648869197673
M,M,G,M,M,G,M,M,M,G,var_a_b_d_e_g_h_i,mock_antigen,11.459560174415389
M,M,G,M,M,G,M,M,M,M,var_a_b_d_e_g_h_i_j,mock_antigen,11.322513586403211
M,M,G,M,M,M,G,G,G,G,var_a_b_d_e_f,mock_antigen,9.474602250330166
M,M,G,M,M,M,G,G,G,M,var_a_b_d_e_f_j,mock_antigen,8.871006085799547
M,M,G,M,M,M,G,G,M,G,var_a_b_d_e_f_i,mock_antigen,9.98540945548401
M,M,G,M,M,M,G,G,M,M,var_a_b_d_e_f_i_j,mock_antigen,9.206100953257083
M,M,G,M,M,M,G,M,G,G,var_a_b_d_e_f_h,mock_antigen,8.780866125571967
M,M,G,M,M,M,G,M,G,M,var_a_b_d_e_f_h_j,mock_antigen,1.0
M,M,G,M,M,M,G,M,M,G,var_a_b_d_e_f_h_i,mock_antigen,9.690732296564486
M,M,G,M,M,M,G,M,M,M,var_a_b_d_e_f_h_i_j,mock_antigen,9.105122701338132
M,M,G,M,M,M,M,G,G,G,var_a_b_d_e_f_g,mock_antigen,10.632860461584215
M,M,G,M,M,M,M,G,G,M,var_a_b_d_e_f_g_j,mock_antigen,10.235209558320129
M,M,G,M,M,M,M,G,M,G,var_a_b_d_e_f_g_i,mock_antigen,11.46238872637361
M,M,G,M,M,M,M,G,M,M,var_a_b_d_e_f_g_i_j,mock_antigen,11.079084994460041
M,M,G,M,M,M,M,M,G,G,var_a_b_d_e_f_g_h,mock_antigen,11.239052469853773
M,M,G,M,M,M,M,M,G,M,var_a_b_d_e_f_g_h_j,mock_antigen,9.978573859559596
M,M,G,M,M,M,M,M,M,G,var_a_b_d_e_f_g_h_i,mock_antigen,11.837917641401582
M,M,G,M,M,M,M,M,M,M,var_a_b_d_e_f_g_h_i_j,mock_antigen,10.906005230303277
M,M,M,G,G,G,G,G,G,G,var_a_b_c,mock_antigen,8.301418100776315
M,M,M,G,G,G,G,G,G,M,var_a_b_c_j,mock_antigen,8.2434788370888
M,M,M,G,G,G,G,G,M,G,var_a_b_c_i,mock_antigen,10.278842842525895
M,M,M,G,G,G,G,G,M,M,var_a_b_c_i_j,mock_antigen,9.153751114933318
M,M,M,G,G,G,G,M,G,G,var_a_b_c_h,mock_antigen,1.0
M,M,M,G,G,G,G,M,G,M,var_a_b_c_h_j,mock_antigen,1.0
M,M,M,G,G,G,G,M,M,G,var_a_b_c_h_i,mock_antigen,9.5060287009169
M,M,M,G,G,G,G,M,M,M,var_a_b_c_h_i_j,mock_antigen,9.649222536435166
M,M,M,G,G,G,M,G,G,G,var_a_b_c_g,mock_antigen,10.205128205697566
M,M,M,G,G,G,M,G,G,M,var_a_b_c_g_j,mock_antigen,9.181570181051057
M,M,M,G,G,G,M,G,M,G,var_a_b_c_g_i,mock_antigen,10.950183167793172
M,M,M,G,G,G,M,G,M,M,var_a_b_c_g_i_j,mock_antigen,10.999675799078277
M,M,M,G,G,G,M,M,G,G,var_a_b_c_g_h,mock_antigen,9.339774757142669
M,M,M,G,G,G,M,M,G,M,var_a_b_c_g_h_j,mock_antigen,8.943073838210031
M,M,M,G,G,G,M,M,M,G,var_a_b_c_g_h_i,mock_antigen,12.177891484217172
M,M,M,G,G,G,M,M,M,M,var_a_b_c_g_h_i_j,mock_antigen,10.65016767547938
M,M,M,G,G,M,G,G,G,G,var_a_b_c_f,mock_antigen,8.91411915409328
M,M,M,G,G,M,G,G,G,M,var_a_b_c_f_j,mock_antigen,9.147983034586591
M,M,M,G,G,M,G,G,M,G,var_a_b_c_f_i,mock_antigen,9.631653348552057
M,M,M,G,G,M,G,G,M,M,var_a_b_c_f_i_j,mock_antigen,9.705328891154029
M,M,M,G,G,M,G,M,G,G,var_a_b_c_f_h,mock_antigen,1.0
M,M,M,G,G,M,G,M,G,M,var_a_b_c_f_h_j,mock_antigen,8.257519254432943
M,M,M,G,G,M,G,M,M,G,var_a_b_c_f_h_i,mock_antigen,9.101021509116729
M,M,M,G,G,M,G,M,M,M,var_a_b_c_f_h_i_j,mock_antigen,9.581258543797555
M,M,M,G,G,M,M,G,G,G,var_a_b_c_f_g,mock_antigen,10.393496560306115
M,M,M,G,G,M,M,G,G,M,var_a_b_c_f_g_j,mock_antigen,9.925520738305298
M,M,M,G,G,M,M,G,M,G,var_a_b_c_f_g_i,mock_antigen,11.7349358844425
M,M,M,G,G,M,M,G,M,M,var_a_b_c_f_g_i_j,mock_antigen,11.231326644951203
M,M,M,G,G,M,M,M,G,G,var_a_b_c_f_g_h,mock_antigen,9.537212665008793
M,M,M,G,G,M,M,M,G,M,var_a_b_c_f_g_h_j,mock_antigen,9.553150805353907
M,M,M,G,G,M,M,M,M,G,var_a_b_c_f_g_h_i,mock_antigen,11.168940845414042
M,M,M,G,G,M,M,M,M,M,var_a_b_c_f_g_h_i_j,mock_antigen,10.456149295870166
M,M,M,G,M,G,G,G,G,G,var_a_b_c_e,mock_antigen,9.616042998905446
M,M,M,G,M,G,G,G,G,M,var_a_b_c_e_j,mock_antigen,9.185889463640297
M,M,M,G,M,G,G,G,M,G,var_a_b_c_e_i,mock_antigen,10.410247677056514
M,M,M,G,M,G,G,G,M,M,var_a_b_c_e_i_j,mock_antigen,10.069158610369515
M,M,M,G,M,G,G,M,G,G,var_a_b_c_e_h,mock_antigen,9.122174112618605
M,M,M,G,M,G,G,M,G,M,var_a_b_c_e_h_j,mock_antigen,8.566010542772053
M,M,M,G,M,G,G,M,M,G,var_a_b_c_e_h_i,mock_antigen,11.263136622862106
M,M,M,G,M,G,G,M,M,M,var_a_b_c_e_h_i_j,mock_antigen,11.392919354510006
M,M,M,G,M,G,M,G,G,G,var_a_b_c_e_g,mock_antigen,11.3308895533999
M,M,M,G,M,G,M,G,G,M,var_a_b_c_e_g_j,mock_antigen,10.889017224886464
M,M,M,G,M,G,M,G,M,G,var_a_b_c_e_g_i,mock_antigen,11.998997592417382
M,M,M,G,M,G,M,G,M,M,var_a_b_c_e_g_i_j,mock_antigen,12.181874076511708
M,M,M,G,M,G,M,M,G,G,var_a_b_c_e_g_h,mock_antigen,10.55510696063685
M,M,M,G,M,G,M,M,G,M,var_a_b_c_e_g_h_j,mock_antigen,10.142930412551456
M,M,M,G,M,G,M,M,M,G,var_a_b_c_e_g_h_i,mock_antigen,12.14853486844607
M,M,M,G,M,G,M,M,M,M,var_a_b_c_e_g_h_i_j,mock_antigen,11.752888482862875
M,M,M,G,M,M,G,G,G,G,var_a_b_c_e_f,mock_antigen,9.8606091903782
M,M,M,G,M,M,G,G,G,M,var_a_b_c_e_f_j,mock_antigen,9.365404122849373
M,M,M,G,M,M,G,G,M,G,var_a_b_c_e_f_i,mock_antigen,10.86172421825498
M,M,M,G,M,M,G,G,M,M,var_a_b_c_e_f_i_j,mock_antigen,10.848442877353955
M,M,M,G,M,M,G,M,G,G,var_a_b_c_e_f_h,mock_antigen,9.2095151215851
M,M,M,G,M,M,G,M,G,M,var_a_b_c_e_f_h_j,mock_antigen,9.077192700432159
M,M,M,G,M,M,G,M,M,G,var_a_b_c_e_f_h_i,mock_antigen,10.522623696749571
M,M,M,G,M,M,G,M,M,M,var_a_b_c_e_f_h_i_j,mock_antigen,11.155647257970479
M,M,M,G,M,M,M,G,G,G,var_a_b_c_e_f_g,mock_antigen,11.794663689958155
M,M,M,G,M,M,M,G,G,M,var_a_b_c_e_f_g_j,mock_antigen,11.233071620405111
M,M,M,G,M,M,M,G,M,G,var_a_b_c_e_f_g_i,mock_antigen,12.333542720624436
M,M,M,G,M,M,M,G,M,M,var_a_b_c_e_f_g_i_j,mock_antigen,12.210105419129976
M,M,M,G,M,M,M,M,G,G,var_a_b_c_e_f_g_h,mock_antigen,10.756395960195283
M,M,M,G,M,M,M,M,G,M,var_a_b_c_e_f_g_h_j,mock_antigen,10.70262410176389
M,M,M,G,M,M,M,M,M,G,var_a_b_c_e_f_g_h_i,mock_antigen,12.161007164441715
M,M,M,G,M,M,M,M,M,M,var_a_b_c_e_f_g_h_i_j,mock_antigen,11.886586892875751
M,M,M,M,G,G,G,G,G,G,var_a_b_c_d,mock_antigen,8.192716168925266
M,M,M,M,G,G,G,G,G,M,var_a_b_c_d_j,mock_antigen,1.0
M,M,M,M,G,G,G,G,M,G,var_a_b_c_d_i,mock_antigen,10.045106195690408
M,M,M,M,G,G,G,G,M,M,var_a_b_c_d_i_j,mock_antigen,8.06303115756886
M,M,M,M,G,G,G,M,G,G,var_a_b_c_d_h,mock_antigen,1.0
M,M,M,M,G,G,G,M,G,M,var_a_b_c_d_h_j,mock_antigen,1.0
M,M,M,M,G,G,G,M,M,G,var_a_b_c_d_h_i,mock_antigen,9.944847365059156
M,M,M,M,G,G,G,M,M,M,var_a_b_c_d_h_i_j,mock_antigen,8.68863952879509
M,M,M,M,G,G,M,G,G,G,var_a_b_c_d_g,mock_antigen,9.824342998754714
M,M,M,M,G,G,M,G,G,M,var_a_b_c_d_g_j,mock_antigen,8.749300725942303
M,M,M,M,G,G,M,G,M,G,var_a_b_c_d_g_i,mock_antigen,11.897689100379456
M,M,M,M,G,G,M,G,M,M,var_a_b_c_d_g_i_j,mock_antigen,9.557235401475943
M,M,M,M,G,G,M,M,G,G,var_a_b_c_d_g_h,mock_antigen,9.901032457054015
M,M,M,M,G,G,M,M,G,M,var_a_b_c_d_g_h_j,mock_antigen,8.216582067929926
M,M,M,M,G,G,M,M,M,G,var_a_b_c_d_g_h_i,mock_antigen,12.105932232901642
M,M,M,M,G,G,M,M,M,M,var_a_b_c_d_g_h_i_j,mock_antigen,10.265775468051103
M,M,M,M,G,M,G,G,G,G,var_a_b_c_d_f,mock_antigen,8.707334671876849
M,M,M,M,G,M,G,G,G,M,var_a_b_c_d_f_j,mock_antigen,8.016852465389505
M,M,M,M,G,M,G,G,M,G,var_a_b_c_d_f_i,mock_antigen,10.242834979536788
M,M,M,M,G,M,G,G,M,M,var_a_b_c_d_f_i_j,mock_antigen,9.158780103875587
M,M,M,M,G,M,G,M,G,G,var_a_b_c_d_f_h,mock_antigen,8.560276738693023
M,M,M,M,G,M,G,M,G,M,var_a_b_c_d_f_h_j,mock_antigen,1.0
M,M,M,M,G,M,G,M,M,G,var_a_b_c_d_f_h_i,mock_antigen,9.306738356543027
M,M,M,M,G,M,G,M,M,M,var_a_b_c_d_f_h_i_j,mock_antigen,8.356169199443684
M,M,M,M,G,M,M,G,G,G,var_a_b_c_d_f_g,mock_antigen,10.783808560754181
M,M,M,M,G,M,M,G,G,M,var_a_b_c_d_f_g_j,mock_antigen,9.392985403552897
M,M,M,M,G,M,M,G,M,G,var_a_b_c_d_f_g_i,mock_antigen,12.123312355325524
M,M,M,M,G,M,M,G,M,M,var_a_b_c_d_f_g_i_j,mock_antigen,10.881140254803496
M,M,M,M,G,M,M,M,G,G,var_a_b_c_d_f_g_h,mock_antigen,10.246475679649173
M,M,M,M,G,M,M,M,G,M,var_a_b_c_d_f_g_h_j,mock_antigen,9.439948089181978
M,M,M,M,G,M,M,M,M,G,var_a_b_c_d_f_g_h_i,mock_antigen,12.28837049420041
M,M,M,M,G,M,M,M,M,M,var_a_b_c_d_f_g_h_i_j,mock_antigen,10.045806714313027
M,M,M,M,M,G,G,G,G,G,var_a_b_c_d_e,mock_antigen,9.473209094719577
M,M,M,M,M,G,G,G,G,M,var_a_b_c_d_e_j,mock_antigen,8.87424387562486
M,M,M,M,M,G,G,G,M,G,var_a_b_c_d_e_i,mock_antigen,10.821645023128632
M,M,M,M,M,G,G,G,M,M,var_a_b_c_d_e_i_j,mock_antigen,9.234453933772334
M,M,M,M,M,G,G,M,G,G,var_a_b_c_d_e_h,mock_antigen,9.329120294168249
M,M,M,M,M,G,G,M,G,M,var_a_b_c_d_e_h_j,mock_antigen,1.0
M,M,M,M,M,G,G,M,M,G,var_a_b_c_d_e_h_i,mock_antigen,10.658493874994694
M,M,M,M,M,G,G,M,M,M,var_a_b_c_d_e_h_i_j,mock_antigen,10.103850038306282
M,M,M,M,M,G,M,G,G,G,var_a_b_c_d_e_g,mock_antigen,11.008371532394376
M,M,M,M,M,G,M,G,G,M,var_a_b_c_d_e_g_j,mock_antigen,9.956139428000387
M,M,M,M,M,G,M,G,M,G,var_a_b_c_d_e_g_i,mock_antigen,12.849387339545606
M,M,M,M,M,G,M,G,M,M,var_a_b_c_d_e_g_i_j,mock_antigen,11.10937849879364
M,M,M,M,M,G,M,M,G,G,var_a_b_c_d_e_g_h,mock_antigen,11.345367379585308
M,M,M,M,M,G,M,M,G,M,var_a_b_c_d_e_g_h_j,mock_antigen,9.646091011509744
M,M,M,M,M,G,M,M,M,G,var_a_b_c_d_e_g_h_i,mock_antigen,12.447871759445885
M,M,M,M,M,G,M,M,M,M,var_a_b_c_d_e_g_h_i_j,mock_antigen,11.543822015695024
M,M,M,M,M,M,G,G,G,G,var_a_b_c_d_e_f,mock_antigen,9.763748478338359
M,M,M,M,M,M,G,G,G,M,var_a_b_c_d_e_f_j,mock_antigen,9.087785778869025
M,M,M,M,M,M,G,G,M,G,var_a_b_c_d_e_f_i,mock_antigen,11.415589540983033
M,M,M,M,M,M,G,G,M,M,var_a_b_c_d_e_f_i_j,mock_antigen,9.934296926132706
M,M,M,M,M,M,G,M,G,G,var_a_b_c_d_e_f_h,mock_antigen,9.827238934243235
M,M,M,M,M,M,G,M,G,M,var_a_b_c_d_e_f_h_j,mock_antigen,8.109410483795138
M,M,M,M,M,M,G,M,M,G,var_a_b_c_d_e_f_h_i,mock_antigen,10.46711855089316
M,M,M,M,M,M,G,M,M,M,var_a_b_c_d_e_f_h_i_j,mock_antigen,9.473348250853212
M,M,M,M,M,M,M,G,G,G,var_a_b_c_d_e_f_g,mock_antigen,11.258853198606653
M,M,M,M,M,M,M,G,G,M,var_a_b_c_d_e_f_g_j,mock_antigen,10.77598007413372
M,M,M,M,M,M,M,G,M,G,var_a_b_c_d_e_f_g_i,mock_antigen,100.0
M,M,M,M,M,M,M,G,M,M,var_a_b_c_d_e_f_g_i_j,mock_antigen,11.977918169990032
M,M,M,M,M,M,M,M,G,G,var_a_b_c_d_e_f_g_h,mock_antigen,11.594723537517714
M,M,M,M,M,M,M,M,G,M,var_a_b_c_d_e_f_g_h_j,mock_antigen,10.204940565276981
M,M,M,M,M,M,M,M,M,G,var_a_b_c_d_e_f_g_h_i,mock_antigen,100.0
M,M,M,M,M,M,M,M,M,M,var_a_b_c_d_e_f_g_h_i_j,mock_antigen,11.508253050371367
